source,id,title,outcome_label,event_title,match_score,match_method,spread_pts,abs_spread_pts,arb_edge_pts,arb_direction,kalshi_fee_est_pts,net_edge_pts,kalshi_id,kalshi_title,kalshi_outcome,kalshi_url,kalshi_yes_bid,kalshi_yes_ask,kalshi_yes_price,kalshi_volume_24h,kalshi_open_interest,kalshi_liquidity,kalshi_close_time,kalshi_settlement_station,polymarket_id,polymarket_title,polymarket_outcome,polymarket_url,polymarket_yes_bid,polymarket_yes_ask,polymarket_yes_price,polymarket_volume_24h,polymarket_liquidity,polymarket_yes_token_id,polymarket_close_time,close_time,status,fetched_at
spread,KXHIGHMIA-26SEP08-B92.5|0xfe45cc6073e9cee4a650a5381023dd12f6a3b5ee60f68eb51a9c98bb82984e81,"Will the maximum temperature be 92-93° on Sep 8, 2026?",92° to 93°,"Highest temperature in Miami on Sep 8, 2026?",1,auto,99.35,99.35,98.8,yes_polymarket_no_kalshi,0.07,98.73,KXHIGHMIA-26SEP08-B92.5,"Will the maximum temperature be 92-93° on Sep 8, 2026?",92° to 93°,https://kalshi.com/markets/kxhighmia/highest-temperature-in-miami/kxhighmia-26sep08,0.99,1,0.995,53403.68,28997.99,0,2026-09-09T05:00:00Z,CLIMIA,0xfe45cc6073e9cee4a650a5381023dd12f6a3b5ee60f68eb51a9c98bb82984e81,Will the highest temperature in Miami be between 92-93°F on September 8?,92-93°F,https://polymarket.com/event/highest-temperature-in-miami-on-september-8-2026/highest-temperature-in-miami-on-september-8-2026-92-93f,0.001,0.002,0.0015,4959.4396910000005,356.99589,1527744480594973163699048654949292281661347110851116084501140877237330218082,2026-09-08T12:00:00Z,2026-09-08T12:00:00Z,open,2026-09-08T21:00:59+00:00
spread,KXHIGHMIA-26SEP08-B90.5|0x0dd997ca01526686352e51e0c163bd3d9380191e39a1356b31f73cab091b0996,"Will the maximum temperature be 90-91° on Sep 8, 2026?",90° to 91°,"Highest temperature in Miami on Sep 8, 2026?",1,auto,-99,99,98.2,yes_kalshi_no_polymarket,0.07,98.13,KXHIGHMIA-26SEP08-B90.5,"Will the maximum temperature be 90-91° on Sep 8, 2026?",90° to 91°,https://kalshi.com/markets/kxhighmia/highest-temperature-in-miami/kxhighmia-26sep08,0,0.01,0.005,27290.11,17092.27,0,2026-09-09T05:00:00Z,CLIMIA,0x0dd997ca01526686352e51e0c163bd3d9380191e39a1356b31f73cab091b0996,Will the highest temperature in Miami be between 90-91°F on September 8?,90-91°F,https://polymarket.com/event/highest-temperature-in-miami-on-september-8-2026/highest-temperature-in-miami-on-september-8-2026-90-91f,0.992,0.998,0.995,8283.605083999999,551.2923,90654554459768730394493399176317005434045239208943708862672762889755721372635,2026-09-08T12:00:00Z,2026-09-08T12:00:00Z,open,2026-09-08T21:00:59+00:00
spread,KXHIGHLAX-26SEP08-B84.5|0xdd8be4572be455d79fba6bd67277952fd55ff240d9e35a5041ef01ad0b61162a,"Will the maximum temperature be 84-85° on Sep 8, 2026?",84° to 85°,"Highest temperature in Los Angeles on Sep 8, 2026?",1,auto,-65.5,65.5,37,yes_kalshi_no_polymarket,0.07,36.93,KXHIGHLAX-26SEP08-B84.5,"Will the maximum temperature be 84-85° on Sep 8, 2026?",84° to 85°,https://kalshi.com/markets/kxhighlax/highest-temperature-in-los-angeles/kxhighlax-26sep08,0,0.01,0.005,61604.33,26235.59,0,2026-09-09T08:00:00Z,CLILAX,0xdd8be4572be455d79fba6bd67277952fd55ff240d9e35a5041ef01ad0b61162a,Will the highest temperature in Los Angeles be between 84-85°F on September 8?,84-85°F,https://polymarket.com/event/highest-temperature-in-los-angeles-on-september-8-2026/highest-temperature-in-los-angeles-on-september-8-2026-84-85f,0.38,0.94,0.66,10257.5999,33.5829,14573604230981797915707219223505053615442761650726541527877997003948770971480,2026-09-08T12:00:00Z,2026-09-08T12:00:00Z,open,2026-09-08T21:00:59+00:00
spread,KXHIGHDEN-26SEP08-B86.5|0x4d6bc1b4b3c198681df221a3b5e418a899c84c847547d03f0492e771ef1e9519,"Will the maximum temperature be 86-87° on Sep 8, 2026?",86° to 87°,"Highest temperature in Denver on Sep 8, 2026?",1,auto,-50,50,48,yes_kalshi_no_polymarket,1.74,46.26,KXHIGHDEN-26SEP08-B86.5,"Will the maximum temperature be 86-87° on Sep 8, 2026?",86° to 87°,https://kalshi.com/markets/kxhighden/highest-temperature-in-denver/kxhighden-26sep08,0.43,0.46,0.445,3402.49,2650.47,0,2026-09-09T07:00:00Z,CLIDEN,0x4d6bc1b4b3c198681df221a3b5e418a899c84c847547d03f0492e771ef1e9519,Will the highest temperature in Denver be between 86-87°F on September 8?,86-87°F,https://polymarket.com/event/highest-temperature-in-denver-on-september-8-2026/highest-temperature-in-denver-on-september-8-2026-86-87f,0.94,0.95,0.945,1479.518335,74.9446,107276236240317086365174842904019147365142201345231738818317035308778536274703,2026-09-08T12:00:00Z,2026-09-08T12:00:00Z,open,2026-09-08T21:00:59+00:00
spread,KXHIGHDEN-26SEP08-B84.5|0x38d615fbcf6f7632c64d1ead321659f7dc218bdaa14dfd0f624ff16e067f4eb0,"Will the maximum temperature be 84-85° on Sep 8, 2026?",84° to 85°,"Highest temperature in Denver on Sep 8, 2026?",1,auto,49.45,49.45,48.9,yes_polymarket_no_kalshi,1.75,47.15,KXHIGHDEN-26SEP08-B84.5,"Will the maximum temperature be 84-85° on Sep 8, 2026?",84° to 85°,https://kalshi.com/markets/kxhighden/highest-temperature-in-denver/kxhighden-26sep08,0.49,0.5,0.495,2239.05,2301.78,0,2026-09-09T07:00:00Z,CLIDEN,0x38d615fbcf6f7632c64d1ead321659f7dc218bdaa14dfd0f624ff16e067f4eb0,Will the highest temperature in Denver be between 84-85°F on September 8?,84-85°F,https://polymarket.com/event/highest-temperature-in-denver-on-september-8-2026/highest-temperature-in-denver-on-september-8-2026-84-85f,,0.001,0.0005,2257.6561730000003,2785.73239,87611503127583043602283797458896059706922013049797112301839323630964260256173,2026-09-08T12:00:00Z,2026-09-08T12:00:00Z,open,2026-09-08T21:00:59+00:00
spread,KXRAIN-26SEP08-PHIL|0x304325ccc5b037790b8bf2da2543fa1a0b714ccde9fba4bac3ef879a228cefa8,"Will it rain in Philadelphia on Sep 8, 2026?",Philadelphia,"Where will it rain on Sep 8, 2026?",0.5,auto,-48.45,48.45,-0.8,,0.07,-0.87,KXRAIN-26SEP08-PHIL,"Will it rain in Philadelphia on Sep 8, 2026?",Philadelphia,https://kalshi.com/markets/kxrain/where-will-it-rain-daily/kxrain-26sep08,0,0.01,0.005,8907.25,5569.27,0,2026-09-09T05:00:00Z,,0x304325ccc5b037790b8bf2da2543fa1a0b714ccde9fba4bac3ef879a228cefa8,"Will it rain in Philadelphia, PA on September 8?","Philadelphia, PA",https://polymarket.com/event/where-will-it-rain-on-september-8-2026/where-will-it-rain-on-september-8-2026-philadelphia-pa,0.002,0.977,0.4895,113.85609999999998,4.33999,102243396334148974824060369930588519605224149549373833830246338701456364615541,2026-09-09T18:00:00Z,2026-09-09T05:00:00Z,open,2026-09-08T21:00:59+00:00
spread,KXRAIN-26SEP08-BOS|0x962f127aa0ce68e2359a90bb0fac32dcd50f85a7572d0f037882e573573c0e31,"Will it rain in Boston on Sep 8, 2026?",Boston,"Where will it rain on Sep 8, 2026?",0.5,auto,-47.75,47.75,-0.8,,0.07,-0.87,KXRAIN-26SEP08-BOS,"Will it rain in Boston on Sep 8, 2026?",Boston,https://kalshi.com/markets/kxrain/where-will-it-rain-daily/kxrain-26sep08,0,0.01,0.005,4996.95,4704.22,0,2026-09-09T05:00:00Z,,0x962f127aa0ce68e2359a90bb0fac32dcd50f85a7572d0f037882e573573c0e31,"Will it rain in Boston, MA on September 8?","Boston, MA",https://polymarket.com/event/where-will-it-rain-on-september-8-2026/where-will-it-rain-on-september-8-2026-boston-ma,0.002,0.963,0.4825,141.08,3.78999,68297927384864671643126122148717582018977185770325450646937419283929520953036,2026-09-09T18:00:00Z,2026-09-09T05:00:00Z,open,2026-09-08T21:00:59+00:00
spread,KXRAIN-26SEP08-DAL|0xe119863e8b807456af44d227392f6c692490361c455d79f88b2acf2f2371acb9,"Will it rain in Dallas on Sep 8, 2026?",Dallas,"Where will it rain on Sep 8, 2026?",0.5,auto,-45.5,45.5,-4.8,,0.34,-5.14,KXRAIN-26SEP08-DAL,"Will it rain in Dallas on Sep 8, 2026?",Dallas,https://kalshi.com/markets/kxrain/where-will-it-rain-daily/kxrain-26sep08,0.03,0.05,0.04,8278.73,6852.86,0,2026-09-09T06:00:00Z,,0xe119863e8b807456af44d227392f6c692490361c455d79f88b2acf2f2371acb9,"Will it rain in Dallas, TX on September 8?","Dallas, TX",https://polymarket.com/event/where-will-it-rain-on-september-8-2026/where-will-it-rain-on-september-8-2026-dallas-tx,0.002,0.988,0.495,86.48,3.81899,66772686486912908263900400023911749151219309031743347689734968924936377384105,2026-09-09T18:00:00Z,2026-09-09T06:00:00Z,open,2026-09-08T21:00:59+00:00
spread,KXRAIN-26SEP08-LAX|0xa92dfb34f3dda989e78152725e67540ce8b9493e55a01cdd3c36df3f2e8e8921,"Will it rain in Los Angeles on Sep 8, 2026?",Los Angeles,"Where will it rain on Sep 8, 2026?",0.5,auto,-44.5,44.5,-95,,0.27,-95.27,KXRAIN-26SEP08-LAX,"Will it rain in Los Angeles on Sep 8, 2026?",Los Angeles,https://kalshi.com/markets/kxrain/where-will-it-rain-daily/kxrain-26sep08,0.04,0.06,0.05,123076.26,23575.2,0,2026-09-09T08:00:00Z,,0xa92dfb34f3dda989e78152725e67540ce8b9493e55a01cdd3c36df3f2e8e8921,"Will it rain in Los Angeles, CA on September 8?","Los Angeles, CA",https://polymarket.com/event/where-will-it-rain-on-september-8-2026/where-will-it-rain-on-september-8-2026-los-angeles-ca,,0.99,0.495,75.992728,0.18,61363492567013875460638566385890351710486493931317388418404067739437442622020,2026-09-09T18:00:00Z,2026-09-09T08:00:00Z,open,2026-09-08T21:00:59+00:00
spread,KXHIGHLAX-26SEP08-B88.5|0x82feb559a65ead53411406f1a0ed8de8679623ef70f6d8514eb869880711b342,"Will the maximum temperature be 88-89° on Sep 8, 2026?",88° to 89°,"Highest temperature in Los Angeles on Sep 8, 2026?",1,auto,41.5,41.5,34,yes_polymarket_no_kalshi,1.74,32.26,KXHIGHLAX-26SEP08-B88.5,"Will the maximum temperature be 88-89° on Sep 8, 2026?",88° to 89°,https://kalshi.com/markets/kxhighlax/highest-temperature-in-los-angeles/kxhighlax-26sep08,0.46,0.5,0.48,47271.69,18111.91,0,2026-09-09T08:00:00Z,CLILAX,0x82feb559a65ead53411406f1a0ed8de8679623ef70f6d8514eb869880711b342,Will the highest temperature in Los Angeles be between 88-89°F on September 8?,88-89°F,https://polymarket.com/event/highest-temperature-in-los-angeles-on-september-8-2026/highest-temperature-in-los-angeles-on-september-8-2026-88-89f,0.01,0.12,0.065,7854.423293999998,135.7421,90156598658494310744503924090209423720311613421599525768093060902567739924702,2026-09-08T12:00:00Z,2026-09-08T12:00:00Z,open,2026-09-08T21:00:59+00:00
spread,KXRAIN-26SEP08-CHI|0x61511470555359564d5bcc1709e09f6311b20bb6686b9c487b949314423d92e7,"Will it rain in Chicago on Sep 8, 2026?",Chicago,"Where will it rain on Sep 8, 2026?",0.5,auto,-39,39,-89,,0.63,-89.63,KXRAIN-26SEP08-CHI,"Will it rain in Chicago on Sep 8, 2026?",Chicago,https://kalshi.com/markets/kxrain/where-will-it-rain-daily/kxrain-26sep08,0.1,0.11,0.105,12200.62,7506.31,0,2026-09-09T06:00:00Z,,0x61511470555359564d5bcc1709e09f6311b20bb6686b9c487b949314423d92e7,"Will it rain in Chicago, IL on September 8?","Chicago, IL",https://polymarket.com/event/where-will-it-rain-on-september-8-2026/where-will-it-rain-on-september-8-2026-chicago-il,,0.99,0.495,392.767143,0.08,96107621808730370817894543387889711158406911989497064381882952906706464566587,2026-09-09T18:00:00Z,2026-09-09T06:00:00Z,open,2026-09-08T21:00:59+00:00
spread,KXLOWTNYC-26SEP09-B66.5|0xb146b31a8a4f04502e15aa5bae4f682b1cc226988bcaba34a927c37189fe62a5,"Will the minimum temperature be 66-67° on Sep 9, 2026?",66° to 67°,"Lowest temperature in New York City on Sep 9, 2026?",1,auto,29.5,29.5,26,yes_polymarket_no_kalshi,1.6,24.4,KXLOWTNYC-26SEP09-B66.5,"Will the minimum temperature be 66-67° on Sep 9, 2026?",66° to 67°,https://kalshi.com/markets/kxlowtnyc/lowest-temperature-in-nyc/kxlowtnyc-26sep09,0.35,0.39,0.37,102,101,0,2026-09-10T05:00:00Z,CLINYC,0xb146b31a8a4f04502e15aa5bae4f682b1cc226988bcaba34a927c37189fe62a5,Will the lowest temperature in New York City be between 66-67°F on September 9?,66-67°F,https://polymarket.com/event/lowest-temperature-in-nyc-on-september-9-2026/lowest-temperature-in-nyc-on-september-9-2026-66-67f,0.06,0.09,0.075,437.3091,1552.0032,55472734389461792639419704808414252611292536271822924589150455301264621736061,2026-09-09T12:00:00Z,2026-09-09T12:00:00Z,open,2026-09-08T21:00:59+00:00
spread,KXHIGHTSEA-26SEP08-B72.5|0xc0ec1df23a7ff0595672ee3b340d7749b871570d4d4f4dd28ff00ec5238b1e0b,"Will the maximum temperature be 72-73° on Sep 8, 2026?",72° to 73°,"Highest temperature in Seattle on Sep 8, 2026?",1,auto,-29.5,29.5,21,yes_kalshi_no_polymarket,0.85,20.15,KXHIGHTSEA-26SEP08-B72.5,"Will the maximum temperature be 72-73° on Sep 8, 2026?",72° to 73°,https://kalshi.com/markets/kxhightsea/seattle-maximum-temperature-daily/kxhightsea-26sep08,0.07,0.14,0.105,3958.1,2042.08,0,2026-09-09T08:00:00Z,CLISEA,0xc0ec1df23a7ff0595672ee3b340d7749b871570d4d4f4dd28ff00ec5238b1e0b,Will the highest temperature in Seattle be between 72-73°F on September 8?,72-73°F,https://polymarket.com/event/highest-temperature-in-seattle-on-september-8-2026/highest-temperature-in-seattle-on-september-8-2026-72-73f,0.35,0.45,0.4,4321.4165969999995,129.4171,88270879741106106826110156217014353771416656328107051816991203810254054257167,2026-09-08T12:00:00Z,2026-09-08T12:00:00Z,open,2026-09-08T21:00:59+00:00
spread,KXHIGHTDAL-26SEP09-B98.5|0xb0b88aacbee52a7851684df8efab8160eb899ba4da2e3f9c34f4e42bcadd6219,"Will the maximum temperature be 98-99° on Sep 9, 2026?",98° to 99°,"Highest temperature in Dallas on Sep 9, 2026?",1,auto,-28.5,28.5,27,yes_kalshi_no_polymarket,1.17,25.83,KXHIGHTDAL-26SEP09-B98.5,"Will the maximum temperature be 98-99° on Sep 9, 2026?",98° to 99°,https://kalshi.com/markets/kxhightdal/dallas-maximum-temperature/kxhightdal-26sep09,0.2,0.21,0.205,893.05,696.61,0,2026-09-10T06:00:00Z,CLIDFW,0xb0b88aacbee52a7851684df8efab8160eb899ba4da2e3f9c34f4e42bcadd6219,Will the highest temperature in Dallas be between 98-99°F on September 9?,98-99°F,https://polymarket.com/event/highest-temperature-in-dallas-on-september-9-2026/highest-temperature-in-dallas-on-september-9-2026-98-99f,0.48,0.5,0.49,4979.715169,4061.3816,97188263254755460236048542602457828672419531380390242713058559334828186269322,2026-09-09T12:00:00Z,2026-09-09T12:00:00Z,open,2026-09-08T21:00:59+00:00
spread,KXHIGHTSEA-26SEP09-B78.5|0x79cd44f33c3ed52f0c248e7cd08e812fb5eff03b3018bb58c798fea086e25f10,"Will the maximum temperature be 78-79° on Sep 9, 2026?",78° to 79°,"Highest temperature in Seattle on Sep 9, 2026?",1,auto,27.5,27.5,25,yes_polymarket_no_kalshi,1.75,23.25,KXHIGHTSEA-26SEP09-B78.5,"Will the maximum temperature be 78-79° on Sep 9, 2026?",78° to 79°,https://kalshi.com/markets/kxhightsea/seattle-maximum-temperature-daily/kxhightsea-26sep09,0.51,0.52,0.515,371.16,362.16,0,2026-09-10T08:00:00Z,CLISEA,0x79cd44f33c3ed52f0c248e7cd08e812fb5eff03b3018bb58c798fea086e25f10,Will the highest temperature in Seattle be between 78-79°F on September 9?,78-79°F,https://polymarket.com/event/highest-temperature-in-seattle-on-september-9-2026/highest-temperature-in-seattle-on-september-9-2026-78-79f,0.22,0.26,0.24,369.26072700000003,3425.7809,94971874210386623683499149255470035951357287770668997628120930568774252687707,2026-09-09T12:00:00Z,2026-09-09T12:00:00Z,open,2026-09-08T21:00:59+00:00
spread,KXRAIN-26SEP08-PHX|0x72c8254cf2f8d928fdad882718649ee7f9746a7da123f5df26dc3673529c329f,"Will it rain in Phoenix on Sep 8, 2026?",Phoenix,"Where will it rain on Sep 8, 2026?",0.5,auto,-26.05,26.05,0.1,yes_kalshi_no_polymarket,0.07,0.03,KXRAIN-26SEP08-PHX,"Will it rain in Phoenix on Sep 8, 2026?",Phoenix,https://kalshi.com/markets/kxrain/where-will-it-rain-daily/kxrain-26sep08,0,0.01,0.005,5099.8,4925.65,0,2026-09-09T07:00:00Z,,0x72c8254cf2f8d928fdad882718649ee7f9746a7da123f5df26dc3673529c329f,"Will it rain in Phoenix, AZ on September 8?","Phoenix, AZ",https://polymarket.com/event/where-will-it-rain-on-september-8-2026/where-will-it-rain-on-september-8-2026-phoenix-az,0.011,0.52,0.2655,188.1,16.1452,98149585009956834452633719591956201236627696072733322663018343014604306149778,2026-09-09T18:00:00Z,2026-09-09T07:00:00Z,open,2026-09-08T21:00:59+00:00
spread,KXHIGHTSEA-26SEP08-B74.5|0xf093bedf63b4def67255163cb0ad8abcbb3f973c2f4f3707374c298cc398e93d,"Will the maximum temperature be 74-75° on Sep 8, 2026?",74° to 75°,"Highest temperature in Seattle on Sep 8, 2026?",1,auto,25,25,14,yes_polymarket_no_kalshi,1.35,12.65,KXHIGHTSEA-26SEP08-B74.5,"Will the maximum temperature be 74-75° on Sep 8, 2026?",74° to 75°,https://kalshi.com/markets/kxhightsea/seattle-maximum-temperature-daily/kxhightsea-26sep08,0.74,0.75,0.745,1382.08,1391.27,0,2026-09-09T08:00:00Z,CLISEA,0xf093bedf63b4def67255163cb0ad8abcbb3f973c2f4f3707374c298cc398e93d,Will the highest temperature in Seattle be between 74-75°F on September 8?,74-75°F,https://polymarket.com/event/highest-temperature-in-seattle-on-september-8-2026/highest-temperature-in-seattle-on-september-8-2026-74-75f,0.39,0.6,0.495,1844.919482,119.4187,47676753102167163576896919162946221586956933135315716212636360878742838225968,2026-09-08T12:00:00Z,2026-09-08T12:00:00Z,open,2026-09-08T21:00:59+00:00
spread,KXRAIN-26SEP08-SEA|0x8c351bd60685027de9c4a8c2cb727c3a71943cfb1bd07ec0aeff36f6278e9d04,"Will it rain in Seattle on Sep 8, 2026?",Seattle,"Where will it rain on Sep 8, 2026?",0.5,auto,-25,25,0.1,yes_kalshi_no_polymarket,0.07,0.03,KXRAIN-26SEP08-SEA,"Will it rain in Seattle on Sep 8, 2026?",Seattle,https://kalshi.com/markets/kxrain/where-will-it-rain-daily/kxrain-26sep08,0,0.01,0.005,7015.25,5034.37,0,2026-09-09T08:00:00Z,,0x8c351bd60685027de9c4a8c2cb727c3a71943cfb1bd07ec0aeff36f6278e9d04,"Will it rain in Seattle, WA on September 8?","Seattle, WA",https://polymarket.com/event/where-will-it-rain-on-september-8-2026/where-will-it-rain-on-september-8-2026-seattle-wa,0.011,0.499,0.255,223.39,21.591,72541426393318257870423223517955497461528032646423641871102601280332815295278,2026-09-09T18:00:00Z,2026-09-09T08:00:00Z,open,2026-09-08T21:00:59+00:00
spread,KXRAIN-26SEP08-ATL|0x8d71c88815c755506682eefb8171e981858cc6722812a6b66f9cf6a4eec62019,"Will it rain in Atlanta on Sep 8, 2026?",Atlanta,"Where will it rain on Sep 8, 2026?",0.5,auto,-25,25,0,,0.07,-0.07,KXRAIN-26SEP08-ATL,"Will it rain in Atlanta on Sep 8, 2026?",Atlanta,https://kalshi.com/markets/kxrain/where-will-it-rain-daily/kxrain-26sep08,0,0.01,0.005,6906.27,5622.8,0,2026-09-09T05:00:00Z,,0x8d71c88815c755506682eefb8171e981858cc6722812a6b66f9cf6a4eec62019,"Will it rain in Atlanta, GA on September 8?","Atlanta, GA",https://polymarket.com/event/where-will-it-rain-on-september-8-2026/where-will-it-rain-on-september-8-2026-atlanta-ga,0.01,0.5,0.255,120,16.72799,58001841097028968389447494016155247560353943101238159865395928303370871341948,2026-09-09T18:00:00Z,2026-09-09T05:00:00Z,open,2026-09-08T21:00:59+00:00
spread,KXHIGHLAX-26SEP08-B86.5|0xd24e666fb09da61834e37480d9950a39a50efd9713ac8b1dc5fb7cb89a53d3c4,"Will the maximum temperature be 86-87° on Sep 8, 2026?",86° to 87°,"Highest temperature in Los Angeles on Sep 8, 2026?",1,auto,-23.5,23.5,7,yes_kalshi_no_polymarket,0.07,6.93,KXHIGHLAX-26SEP08-B86.5,"Will the maximum temperature be 86-87° on Sep 8, 2026?",86° to 87°,https://kalshi.com/markets/kxhighlax/highest-temperature-in-los-angeles/kxhighlax-26sep08,0,0.01,0.005,65011.65,32309.85,0,2026-09-09T08:00:00Z,CLILAX,0xd24e666fb09da61834e37480d9950a39a50efd9713ac8b1dc5fb7cb89a53d3c4,Will the highest temperature in Los Angeles be between 86-87°F on September 8?,86-87°F,https://polymarket.com/event/highest-temperature-in-los-angeles-on-september-8-2026/highest-temperature-in-los-angeles-on-september-8-2026-86-87f,0.08,0.4,0.24,15841.774317999998,81.4281,75246424127457641546980804235333178472833362190730487192264781051653275222015,2026-09-08T12:00:00Z,2026-09-08T12:00:00Z,open,2026-09-08T21:00:59+00:00
spread,KXHIGHTSEA-26SEP09-B76.5|0x7697acb55bfc3e2c16d2f931d6ecaeed02266460d339178a21f6446a95588e73,"Will the maximum temperature be 76-77° on Sep 9, 2026?",76° to 77°,"Highest temperature in Seattle on Sep 9, 2026?",1,auto,-22,22,20,yes_kalshi_no_polymarket,1.28,18.72,KXHIGHTSEA-26SEP09-B76.5,"Will the maximum temperature be 76-77° on Sep 9, 2026?",76° to 77°,https://kalshi.com/markets/kxhightsea/seattle-maximum-temperature-daily/kxhightsea-26sep09,0.23,0.24,0.235,91.65,91.2,0,2026-09-10T08:00:00Z,CLISEA,0x7697acb55bfc3e2c16d2f931d6ecaeed02266460d339178a21f6446a95588e73,Will the highest temperature in Seattle be between 76-77°F on September 9?,76-77°F,https://polymarket.com/event/highest-temperature-in-seattle-on-september-9-2026/highest-temperature-in-seattle-on-september-9-2026-76-77f,0.44,0.47,0.455,515.737003,3765.2242,12568427769715984483740815319667375327414934879485995213528232432796707938056,2026-09-09T12:00:00Z,2026-09-09T12:00:00Z,open,2026-09-08T21:00:59+00:00
spread,KXLOWTDEN-26SEP08-B62.5|0x725e5195f65e864ae7efd9888e406f8798d633a2d93f24d86af22839d0dce3d0,"Will the minimum temperature be 62-63° on Sep 8, 2026?",62° to 63°,"Lowest temperature in Denver on Sep 8, 2026?",1,auto,22,22,-6,,0.95,-6.95,KXLOWTDEN-26SEP08-B62.5,"Will the minimum temperature be 62-63° on Sep 8, 2026?",62° to 63°,https://kalshi.com/markets/kxlowtden/lowest-temperature-in-denver/kxlowtden-26sep08,0.84,0.86,0.85,1561.29,1487.12,0,2026-09-09T07:00:00Z,CLIDEN,0x725e5195f65e864ae7efd9888e406f8798d633a2d93f24d86af22839d0dce3d0,Will the lowest temperature in Denver be between 62-63°F on September 8?,62-63°F,https://polymarket.com/event/lowest-temperature-in-denver-on-september-8-2026/lowest-temperature-in-denver-on-september-8-2026-62-63f,0.36,0.9,0.63,61.09,15.0234,21315419041891449503184208668510883409911469551853236506993033490932824062632,2026-09-08T12:00:00Z,2026-09-08T12:00:00Z,open,2026-09-08T21:00:59+00:00
spread,KXHIGHAUS-26SEP08-B102.5|0xfe562f7a82e6da872d7b58a1edbf5af784edd082466306649e1b1cc23953b39e,"Will the maximum temperature be 102-103° on Sep 8, 2026?",102° to 103°,"Highest temperature in Austin on Sep 8, 2026?",1,auto,20.5,20.5,18,yes_polymarket_no_kalshi,1.53,16.47,KXHIGHAUS-26SEP08-B102.5,"Will the maximum temperature be 102-103° on Sep 8, 2026?",102° to 103°,https://kalshi.com/markets/kxhighaus/highest-temperature-in-austin/kxhighaus-26sep08,0.32,0.33,0.325,8261.97,5497.41,0,2026-09-09T06:00:00Z,CLIAUS,0xfe562f7a82e6da872d7b58a1edbf5af784edd082466306649e1b1cc23953b39e,Will the highest temperature in Austin be between 102-103°F on September 8?,102-103°F,https://polymarket.com/event/highest-temperature-in-austin-on-september-8-2026/highest-temperature-in-austin-on-september-8-2026-102-103f,0.1,0.14,0.12,1418.015195,104.8537,59752221403392474233333745983088290552599887673097830195645873856253874531169,2026-09-08T12:00:00Z,2026-09-08T12:00:00Z,open,2026-09-08T21:00:59+00:00
spread,KXHIGHTHOU-26SEP09-B90.5|0xd797439ae592962f8b8e166e2c560691f4a125f1c5a7433044c51d70df421c1f,"Will the maximum temperature be 90-91° on Sep 9, 2026?",90° to 91°,"Highest temperature in Houston on Sep 9, 2026?",1,auto,-19.5,19.5,18,yes_kalshi_no_polymarket,1.62,16.38,KXHIGHTHOU-26SEP09-B90.5,"Will the maximum temperature be 90-91° on Sep 9, 2026?",90° to 91°,https://kalshi.com/markets/kxhighthou/daily-high-temperature-houston/kxhighthou-26sep09,0.35,0.36,0.355,143.87,138.87,0,2026-09-10T06:00:00Z,CLIHOU,0xd797439ae592962f8b8e166e2c560691f4a125f1c5a7433044c51d70df421c1f,Will the highest temperature in Houston be between 90-91°F on September 9?,90-91°F,https://polymarket.com/event/highest-temperature-in-houston-on-september-9-2026/highest-temperature-in-houston-on-september-9-2026-90-91f,0.54,0.56,0.55,3069.879571,4344.7943,15635947670661770571466051176429071172931240788716668837685078700788709261031,2026-09-09T12:00:00Z,2026-09-09T12:00:00Z,open,2026-09-08T21:00:59+00:00
spread,KXHIGHTDAL-26SEP09-B100.5|0xeb0e75dd8ef2b0e273f590b6ac51e51b7ccdb3ccb8539541ce57fe68b68796fc,"Will the maximum temperature be 100-101° on Sep 9, 2026?",100° to 101°,"Highest temperature in Dallas on Sep 9, 2026?",1,auto,19.5,19.5,17,yes_polymarket_no_kalshi,1.73,15.27,KXHIGHTDAL-26SEP09-B100.5,"Will the maximum temperature be 100-101° on Sep 9, 2026?",100° to 101°,https://kalshi.com/markets/kxhightdal/dallas-maximum-temperature/kxhightdal-26sep09,0.56,0.59,0.575,607.19,506.31,0,2026-09-10T06:00:00Z,CLIDFW,0xeb0e75dd8ef2b0e273f590b6ac51e51b7ccdb3ccb8539541ce57fe68b68796fc,Will the highest temperature in Dallas be between 100-101°F on September 9?,100-101°F,https://polymarket.com/event/highest-temperature-in-dallas-on-september-9-2026/highest-temperature-in-dallas-on-september-9-2026-100-101f,0.37,0.39,0.38,2285.0902480000004,4878.577,49144358882265906354939162515404296746399399898745127230678535212902169479354,2026-09-09T12:00:00Z,2026-09-09T12:00:00Z,open,2026-09-08T21:00:59+00:00
spread,KXHIGHAUS-26SEP08-B100.5|0xb9ff1fae48b31db4a4a9debf69f759312d43761eae04c667b41d6810e2960b5a,"Will the maximum temperature be 100-101° on Sep 8, 2026?",100° to 101°,"Highest temperature in Austin on Sep 8, 2026?",1,auto,-19.5,19.5,14,yes_kalshi_no_polymarket,1.5,12.5,KXHIGHAUS-26SEP08-B100.5,"Will the maximum temperature be 100-101° on Sep 8, 2026?",100° to 101°,https://kalshi.com/markets/kxhighaus/highest-temperature-in-austin/kxhighaus-26sep08,0.61,0.69,0.65,6221.97,5000.9,0,2026-09-09T06:00:00Z,CLIAUS,0xb9ff1fae48b31db4a4a9debf69f759312d43761eae04c667b41d6810e2960b5a,Will the highest temperature in Austin be between 100-101°F on September 8?,100-101°F,https://polymarket.com/event/highest-temperature-in-austin-on-september-8-2026/highest-temperature-in-austin-on-september-8-2026-100-101f,0.83,0.86,0.845,1779.8238609999999,174.492,66182519186482290421181607945284638880840101582762688750283459628689552701855,2026-09-08T12:00:00Z,2026-09-08T12:00:00Z,open,2026-09-08T21:00:59+00:00
spread,KXHIGHAUS-26SEP09-B100.5|0x6f89dd8443a3833681ecb3639e1cb4bd2bcbfb3e4a6d17154088beeb6c32d1ce,"Will the maximum temperature be 100-101° on Sep 9, 2026?",100° to 101°,"Highest temperature in Austin on Sep 9, 2026?",1,auto,18,18,16,yes_polymarket_no_kalshi,1.38,14.62,KXHIGHAUS-26SEP09-B100.5,"Will the maximum temperature be 100-101° on Sep 9, 2026?",100° to 101°,https://kalshi.com/markets/kxhighaus/highest-temperature-in-austin/kxhighaus-26sep09,0.27,0.28,0.275,266.05,247.5,0,2026-09-10T06:00:00Z,CLIAUS,0x6f89dd8443a3833681ecb3639e1cb4bd2bcbfb3e4a6d17154088beeb6c32d1ce,Will the highest temperature in Austin be between 100-101°F on September 9?,100-101°F,https://polymarket.com/event/highest-temperature-in-austin-on-september-9-2026/highest-temperature-in-austin-on-september-9-2026-100-101f,0.08,0.11,0.095,386.60872099999995,4126.0053,102739781800888510283238026498095199361543182027749145681586678560441791593011,2026-09-09T12:00:00Z,2026-09-09T12:00:00Z,open,2026-09-08T21:00:59+00:00
spread,KXHIGHDEN-26SEP09-B80.5|0xd82340f81b677b6988e4b20c2a7c157a52c0e23b02e4da051bf2014e46bb81ff,"Will the maximum temperature be 80-81° on Sep 9, 2026?",80° to 81°,"Highest temperature in Denver on Sep 9, 2026?",1,auto,18,18,16,yes_polymarket_no_kalshi,1.47,14.53,KXHIGHDEN-26SEP09-B80.5,"Will the maximum temperature be 80-81° on Sep 9, 2026?",80° to 81°,https://kalshi.com/markets/kxhighden/highest-temperature-in-denver/kxhighden-26sep09,0.3,0.31,0.305,300.09,298.09,0,2026-09-10T07:00:00Z,CLIDEN,0xd82340f81b677b6988e4b20c2a7c157a52c0e23b02e4da051bf2014e46bb81ff,Will the highest temperature in Denver be between 80-81°F on September 9?,80-81°F,https://polymarket.com/event/highest-temperature-in-denver-on-september-9-2026/highest-temperature-in-denver-on-september-9-2026-80-81f,0.11,0.14,0.125,760.959256,5003.6516,67615519797563193545997309361896020630571553750120813704476565583207402704075,2026-09-09T12:00:00Z,2026-09-09T12:00:00Z,open,2026-09-08T21:00:59+00:00
spread,KXHIGHTATL-26SEP09-B88.5|0xae95bde300d3f3e807cf30a5d1cf47bdb075aaabe6643cf83c969ca8e8050358,"Will the maximum temperature be 88-89° on Sep 9, 2026?",88° to 89°,"Highest temperature in Atlanta on Sep 9, 2026?",1,auto,-15.5,15.5,14,yes_kalshi_no_polymarket,1.08,12.92,KXHIGHTATL-26SEP09-B88.5,"Will the maximum temperature be 88-89° on Sep 9, 2026?",88° to 89°,https://kalshi.com/markets/kxhightatl/atlanta-max-temperature/kxhightatl-26sep09,0.18,0.19,0.185,420.98,416.98,0,2026-09-10T05:00:00Z,CLIATL,0xae95bde300d3f3e807cf30a5d1cf47bdb075aaabe6643cf83c969ca8e8050358,Will the highest temperature in Atlanta be between 88-89°F on September 9?,88-89°F,https://polymarket.com/event/highest-temperature-in-atlanta-on-september-9-2026/highest-temperature-in-atlanta-on-september-9-2026-88-89f,0.33,0.35,0.34,2165.730465,4861.4082,47755713422025101335427209149791495796923812250940956100652635188000115842173,2026-09-09T12:00:00Z,2026-09-09T12:00:00Z,open,2026-09-08T21:00:59+00:00
spread,KXHIGHCHI-26SEP09-B82.5|0x08578eb5e44d551802cc73255250cefe0b076586dd43f6996e04d9879ef1b5d6,"Will the maximum temperature be 82-83° on Sep 9, 2026?",82° to 83°,"Highest temperature in Chicago on Sep 9, 2026?",1,auto,15.5,15.5,14,yes_polymarket_no_kalshi,1.38,12.62,KXHIGHCHI-26SEP09-B82.5,"Will the maximum temperature be 82-83° on Sep 9, 2026?",82° to 83°,https://kalshi.com/markets/kxhighchi/highest-temperature-in-chicago/kxhighchi-26sep09,0.27,0.28,0.275,74.26,67.22,0,2026-09-10T06:00:00Z,CLIMDW,0x08578eb5e44d551802cc73255250cefe0b076586dd43f6996e04d9879ef1b5d6,Will the highest temperature in Chicago be between 82-83°F on September 9?,82-83°F,https://polymarket.com/event/highest-temperature-in-chicago-on-september-9-2026/highest-temperature-in-chicago-on-september-9-2026-82-83f,0.11,0.13,0.12,318.328415,2703.0816,15810917481447359962178499301105424699142162446800015904441166436266485672096,2026-09-09T12:00:00Z,2026-09-09T12:00:00Z,open,2026-09-08T21:00:59+00:00
spread,KXHIGHTHOU-26SEP09-B92.5|0x0afae26f98016659731e6cd559011a1dbe44472557d7318b3f3a3af8aee0bced,"Will the maximum temperature be 92-93° on Sep 9, 2026?",92° to 93°,"Highest temperature in Houston on Sep 9, 2026?",1,auto,14.5,14.5,13,yes_polymarket_no_kalshi,1.7,11.3,KXHIGHTHOU-26SEP09-B92.5,"Will the maximum temperature be 92-93° on Sep 9, 2026?",92° to 93°,https://kalshi.com/markets/kxhighthou/daily-high-temperature-houston/kxhighthou-26sep09,0.41,0.42,0.415,222.97,232.73,0,2026-09-10T06:00:00Z,CLIHOU,0x0afae26f98016659731e6cd559011a1dbe44472557d7318b3f3a3af8aee0bced,Will the highest temperature in Houston be between 92-93°F on September 9?,92-93°F,https://polymarket.com/event/highest-temperature-in-houston-on-september-9-2026/highest-temperature-in-houston-on-september-9-2026-92-93f,0.26,0.28,0.27,1387.045382,4965.5569,28449111946472379985557218190019847869422522120317310827999260214877028014379,2026-09-09T12:00:00Z,2026-09-09T12:00:00Z,open,2026-09-08T21:00:59+00:00
spread,KXHIGHTSEA-26SEP08-B76.5|0x0c2ff20fccb92ec4feed883b4b5211200f6d68d00b0c9238a17f68a9c02fb02a,"Will the maximum temperature be 76-77° on Sep 8, 2026?",76° to 77°,"Highest temperature in Seattle on Sep 8, 2026?",1,auto,13,13,11,yes_polymarket_no_kalshi,0.85,10.15,KXHIGHTSEA-26SEP08-B76.5,"Will the maximum temperature be 76-77° on Sep 8, 2026?",76° to 77°,https://kalshi.com/markets/kxhightsea/seattle-maximum-temperature-daily/kxhightsea-26sep08,0.14,0.17,0.155,1969.59,1544.83,0,2026-09-09T08:00:00Z,CLISEA,0x0c2ff20fccb92ec4feed883b4b5211200f6d68d00b0c9238a17f68a9c02fb02a,Will the highest temperature in Seattle be between 76-77°F on September 8?,76-77°F,https://polymarket.com/event/highest-temperature-in-seattle-on-september-8-2026/highest-temperature-in-seattle-on-september-8-2026-76-77f,0.02,0.03,0.025,1158.800936,456.0767,8772045872677120129915582094730225282057868832612157771670574597913795816673,2026-09-08T12:00:00Z,2026-09-08T12:00:00Z,open,2026-09-08T21:00:59+00:00
spread,KXHIGHTSFO-26SEP09-B88.5|0x40aba679f42232e94450042493ef5ef695c45b35a484fa6aa1a531ef27869461,"Will the maximum temperature be 88-89° on Sep 9, 2026?",88° to 89°,"Highest temperature in San Francisco on Sep 9, 2026?",1,auto,-12.5,12.5,11,yes_kalshi_no_polymarket,0.69,10.31,KXHIGHTSFO-26SEP09-B88.5,"Will the maximum temperature be 88-89° on Sep 9, 2026?",88° to 89°,https://kalshi.com/markets/kxhightsfo/san-francisco-high-temperature-daily/kxhightsfo-26sep09,0.09,0.11,0.1,262.67,228.73,0,2026-09-10T08:00:00Z,CLISFO,0x40aba679f42232e94450042493ef5ef695c45b35a484fa6aa1a531ef27869461,Will the highest temperature in San Francisco be between 88-89°F on September 9?,88-89°F,https://polymarket.com/event/highest-temperature-in-san-francisco-on-september-9-2026/highest-temperature-in-san-francisco-on-september-9-2026-88-89f,0.22,0.23,0.225,2263.254994,3869.2277,81219559881428243511127005116245597795227103632537336727937469416416649907948,2026-09-09T12:00:00Z,2026-09-09T12:00:00Z,open,2026-09-08T21:00:59+00:00
spread,KXHIGHNY-26SEP09-B84.5|0x121337d4fe059f4930e5e68131b79cce76b0d30c0e645ec6521680ad9ccd8092,"Will the maximum temperature be 84-85° on Sep 9, 2026?",84° to 85°,"Highest temperature in New York City on Sep 9, 2026?",1,auto,-12.5,12.5,11,yes_kalshi_no_polymarket,1.71,9.29,KXHIGHNY-26SEP09-B84.5,"Will the maximum temperature be 84-85° on Sep 9, 2026?",84° to 85°,https://kalshi.com/markets/kxhighny/highest-temperature-in-nyc/kxhighny-26sep09,0.41,0.42,0.415,738.92,723.65,0,2026-09-10T05:00:00Z,CLINYC,0x121337d4fe059f4930e5e68131b79cce76b0d30c0e645ec6521680ad9ccd8092,Will the highest temperature in New York City be between 84-85°F on September 9?,84-85°F,https://polymarket.com/event/highest-temperature-in-nyc-on-september-9-2026/highest-temperature-in-nyc-on-september-9-2026-84-85f,0.53,0.55,0.54,4659.271572999999,4728.9737,89322534614509948667149566931689453174051326102332864243023320498379062420782,2026-09-09T12:00:00Z,2026-09-09T12:00:00Z,open,2026-09-08T21:00:59+00:00
spread,KXLOWTNYC-26SEP09-B68.5|0xf6c88110cd0ff204522002a25c7f25e6eed5e095bfa260f31cb55ffdf9665b85,"Will the minimum temperature be 68-69° on Sep 9, 2026?",68° to 69°,"Lowest temperature in New York City on Sep 9, 2026?",1,auto,12.5,12.5,8,yes_polymarket_no_kalshi,1.67,6.33,KXLOWTNYC-26SEP09-B68.5,"Will the minimum temperature be 68-69° on Sep 9, 2026?",68° to 69°,https://kalshi.com/markets/kxlowtnyc/lowest-temperature-in-nyc/kxlowtnyc-26sep09,0.39,0.45,0.42,134.56,134.56,0,2026-09-10T05:00:00Z,CLINYC,0xf6c88110cd0ff204522002a25c7f25e6eed5e095bfa260f31cb55ffdf9665b85,Will the lowest temperature in New York City be between 68-69°F on September 9?,68-69°F,https://polymarket.com/event/lowest-temperature-in-nyc-on-september-9-2026/lowest-temperature-in-nyc-on-september-9-2026-68-69f,0.28,0.31,0.295,537.069911,3195.8154,85233300998073069703524929277019938462170203195269840102998447374732075809225,2026-09-09T12:00:00Z,2026-09-09T12:00:00Z,open,2026-09-08T21:00:59+00:00
spread,KXHIGHDEN-26SEP09-B84.5|0x3dd1b41211df23f7f10386f3bb4e8f0e32419a4cacde229865d751867199e010,"Will the maximum temperature be 84-85° on Sep 9, 2026?",84° to 85°,"Highest temperature in Denver on Sep 9, 2026?",1,auto,-11.5,11.5,10,yes_kalshi_no_polymarket,0.64,9.36,KXHIGHDEN-26SEP09-B84.5,"Will the maximum temperature be 84-85° on Sep 9, 2026?",84° to 85°,https://kalshi.com/markets/kxhighden/highest-temperature-in-denver/kxhighden-26sep09,0.09,0.1,0.095,139.11,125.11,0,2026-09-10T07:00:00Z,CLIDEN,0x3dd1b41211df23f7f10386f3bb4e8f0e32419a4cacde229865d751867199e010,Will the highest temperature in Denver be between 84-85°F on September 9?,84-85°F,https://polymarket.com/event/highest-temperature-in-denver-on-september-9-2026/highest-temperature-in-denver-on-september-9-2026-84-85f,0.2,0.22,0.21,941.934338,4447.0372,52697435794543826067910217299000761437526892423758443480283529716534086713205,2026-09-09T12:00:00Z,2026-09-09T12:00:00Z,open,2026-09-08T21:00:59+00:00
spread,KXHIGHTATL-26SEP09-B90.5|0x344143adc8b2a089c854c705cac4be1f0957bbaf6576fc2a3c2766643ed0658b,"Will the maximum temperature be 90-91° on Sep 9, 2026?",90° to 91°,"Highest temperature in Atlanta on Sep 9, 2026?",1,auto,11.5,11.5,9,yes_polymarket_no_kalshi,1.71,7.29,KXHIGHTATL-26SEP09-B90.5,"Will the maximum temperature be 90-91° on Sep 9, 2026?",90° to 91°,https://kalshi.com/markets/kxhightatl/atlanta-max-temperature/kxhightatl-26sep09,0.58,0.62,0.6,378.38,377.84,0,2026-09-10T05:00:00Z,CLIATL,0x344143adc8b2a089c854c705cac4be1f0957bbaf6576fc2a3c2766643ed0658b,Will the highest temperature in Atlanta be between 90-91°F on September 9?,90-91°F,https://polymarket.com/event/highest-temperature-in-atlanta-on-september-9-2026/highest-temperature-in-atlanta-on-september-9-2026-90-91f,0.48,0.49,0.485,2343.954834,5223.9426,39095694569638326868257275547563342233561309778179930111148792170631924756340,2026-09-09T12:00:00Z,2026-09-09T12:00:00Z,open,2026-09-08T21:00:59+00:00
spread,KXHIGHTATL-26SEP09-B92.5|0xd5d7e57155c0cfb73d359558b432ed3a13fc2d763617b4fb52ed44822286ea35,"Will the maximum temperature be 92-93° on Sep 9, 2026?",92° to 93°,"Highest temperature in Atlanta on Sep 9, 2026?",1,auto,11,11,9,yes_polymarket_no_kalshi,1.12,7.88,KXHIGHTATL-26SEP09-B92.5,"Will the maximum temperature be 92-93° on Sep 9, 2026?",92° to 93°,https://kalshi.com/markets/kxhightatl/atlanta-max-temperature/kxhightatl-26sep09,0.2,0.21,0.205,277.36,259.14,0,2026-09-10T05:00:00Z,CLIATL,0xd5d7e57155c0cfb73d359558b432ed3a13fc2d763617b4fb52ed44822286ea35,Will the highest temperature in Atlanta be between 92-93°F on September 9?,92-93°F,https://polymarket.com/event/highest-temperature-in-atlanta-on-september-9-2026/highest-temperature-in-atlanta-on-september-9-2026-92-93f,0.08,0.11,0.095,339.37627100000003,3003.1874,103768419141167826900388529592405845097424163661639246808712965758468645065068,2026-09-09T12:00:00Z,2026-09-09T12:00:00Z,open,2026-09-08T21:00:59+00:00
spread,KXHIGHDEN-26SEP09-B82.5|0x15a257a210d78b2ff74c4cd345b51cba0e545af7061d721a64dc88a900b746f3,"Will the maximum temperature be 82-83° on Sep 9, 2026?",82° to 83°,"Highest temperature in Denver on Sep 9, 2026?",1,auto,-10.5,10.5,9,yes_kalshi_no_polymarket,1.74,7.26,KXHIGHDEN-26SEP09-B82.5,"Will the maximum temperature be 82-83° on Sep 9, 2026?",82° to 83°,https://kalshi.com/markets/kxhighden/highest-temperature-in-denver/kxhighden-26sep09,0.53,0.54,0.535,480.56,478.56,0,2026-09-10T07:00:00Z,CLIDEN,0x15a257a210d78b2ff74c4cd345b51cba0e545af7061d721a64dc88a900b746f3,Will the highest temperature in Denver be between 82-83°F on September 9?,82-83°F,https://polymarket.com/event/highest-temperature-in-denver-on-september-9-2026/highest-temperature-in-denver-on-september-9-2026-82-83f,0.63,0.65,0.64,1146.0423230000001,7167.9163,108010272460334685549529452214958066741005028730725101797955225391219759124844,2026-09-09T12:00:00Z,2026-09-09T12:00:00Z,open,2026-09-08T21:00:59+00:00
spread,KXHIGHTSEA-26SEP09-B80.5|0xf7fb4e4431591237f2d96058549babadc4f180ca2a596c9557073725821daaff,"Will the maximum temperature be 80-81° on Sep 9, 2026?",80° to 81°,"Highest temperature in Seattle on Sep 9, 2026?",1,auto,10.5,10.5,8,yes_polymarket_no_kalshi,0.8,7.2,KXHIGHTSEA-26SEP09-B80.5,"Will the maximum temperature be 80-81° on Sep 9, 2026?",80° to 81°,https://kalshi.com/markets/kxhightsea/seattle-maximum-temperature-daily/kxhightsea-26sep09,0.13,0.15,0.14,193,192,0,2026-09-10T08:00:00Z,CLISEA,0xf7fb4e4431591237f2d96058549babadc4f180ca2a596c9557073725821daaff,Will the highest temperature in Seattle be between 80-81°F on September 9?,80-81°F,https://polymarket.com/event/highest-temperature-in-seattle-on-september-9-2026/highest-temperature-in-seattle-on-september-9-2026-80-81f,0.02,0.05,0.035,275.461116,2384.1647,12687884728417362875528708390854057666094189096980138901423286259409116560805,2026-09-09T12:00:00Z,2026-09-09T12:00:00Z,open,2026-09-08T21:00:59+00:00
spread,KXHIGHTDAL-26SEP09-B102.5|0x5d379ec0100b48e9496e64c61695342b7dffebe3573312bbf913113468102340,"Will the maximum temperature be 102-103° on Sep 9, 2026?",102° to 103°,"Highest temperature in Dallas on Sep 9, 2026?",1,auto,10.5,10.5,8,yes_polymarket_no_kalshi,0.85,7.15,KXHIGHTDAL-26SEP09-B102.5,"Will the maximum temperature be 102-103° on Sep 9, 2026?",102° to 103°,https://kalshi.com/markets/kxhightdal/dallas-maximum-temperature/kxhightdal-26sep09,0.14,0.18,0.16,169.16,169.16,0,2026-09-10T06:00:00Z,CLIDFW,0x5d379ec0100b48e9496e64c61695342b7dffebe3573312bbf913113468102340,Will the highest temperature in Dallas be between 102-103°F on September 9?,102-103°F,https://polymarket.com/event/highest-temperature-in-dallas-on-september-9-2026/highest-temperature-in-dallas-on-september-9-2026-102-103f,0.05,0.06,0.055,1587.8053600000003,5198.7125,73032038870185543728029607005337621479461479667317106553803995389253719841443,2026-09-09T12:00:00Z,2026-09-09T12:00:00Z,open,2026-09-08T21:00:59+00:00
spread,KXLOWTDEN-26SEP09-T54|0xcaecfc68e457687754e909ba2c53f2a843f2de501c07279304bf4ece32133573,"Will the minimum temperature be <54° on Sep 9, 2026?",53° or below,"Lowest temperature in Denver on Sep 9, 2026?",1,auto,10,10,9,yes_polymarket_no_kalshi,0.74,8.26,KXLOWTDEN-26SEP09-T54,"Will the minimum temperature be <54° on Sep 9, 2026?",53° or below,https://kalshi.com/markets/kxlowtden/lowest-temperature-in-denver/kxlowtden-26sep09,0.12,0.13,0.125,53.35,47.35,0,2026-09-10T07:00:00Z,CLIDEN,0xcaecfc68e457687754e909ba2c53f2a843f2de501c07279304bf4ece32133573,Will the lowest temperature in Denver be 53°F or below on September 9?,53°F or below,https://polymarket.com/event/lowest-temperature-in-denver-on-september-9-2026/lowest-temperature-in-denver-on-september-9-2026-53forbelow,0.02,0.03,0.025,50.05,88.144,48139721118559293427785084414824397959231750938247631082697143261209909594182,2026-09-09T12:00:00Z,2026-09-09T12:00:00Z,open,2026-09-08T21:00:59+00:00
spread,KXHIGHTSFO-26SEP08-B78.5|0x667a379b91dd87bbf2564ee384a8381e03f42e7dfc7e88d634e58d643a0b164c,"Will the maximum temperature be 78-79° on Sep 8, 2026?",78° to 79°,"Highest temperature in San Francisco on Sep 8, 2026?",1,auto,-10,10,7,yes_kalshi_no_polymarket,0.21,6.79,KXHIGHTSFO-26SEP08-B78.5,"Will the maximum temperature be 78-79° on Sep 8, 2026?",78° to 79°,https://kalshi.com/markets/kxhightsfo/san-francisco-high-temperature-daily/kxhightsfo-26sep08,0.02,0.03,0.025,4061.24,4455.64,0,2026-09-09T08:00:00Z,CLISFO,0x667a379b91dd87bbf2564ee384a8381e03f42e7dfc7e88d634e58d643a0b164c,Will the highest temperature in San Francisco be between 78-79°F on September 8?,78-79°F,https://polymarket.com/event/highest-temperature-in-san-francisco-on-september-8-2026/highest-temperature-in-san-francisco-on-september-8-2026-78-79f,0.1,0.15,0.125,1549.3435489999997,176.7525,96493657191088136525206524492996990454504201848756087567537105032687700083412,2026-09-08T12:00:00Z,2026-09-08T12:00:00Z,open,2026-09-08T21:00:59+00:00
spread,KXHIGHTSFO-26SEP08-B80.5|0xc57990d4d7d2adae8820927f1ead9679bcc912703b54eaced51f49db092d749f,"Will the maximum temperature be 80-81° on Sep 8, 2026?",80° to 81°,"Highest temperature in San Francisco on Sep 8, 2026?",1,auto,-9.5,9.5,5,yes_kalshi_no_polymarket,0.9,4.1,KXHIGHTSFO-26SEP08-B80.5,"Will the maximum temperature be 80-81° on Sep 8, 2026?",80° to 81°,https://kalshi.com/markets/kxhightsfo/san-francisco-high-temperature-daily/kxhightsfo-26sep08,0.08,0.15,0.115,5228.18,4305.04,0,2026-09-09T08:00:00Z,CLISFO,0xc57990d4d7d2adae8820927f1ead9679bcc912703b54eaced51f49db092d749f,Will the highest temperature in San Francisco be between 80-81°F on September 8?,80-81°F,https://polymarket.com/event/highest-temperature-in-san-francisco-on-september-8-2026/highest-temperature-in-san-francisco-on-september-8-2026-80-81f,0.2,0.22,0.21,2286.5716260000004,170.8217,63474474311725449849779389887691059421012643308662971370801384998041468895988,2026-09-08T12:00:00Z,2026-09-08T12:00:00Z,open,2026-09-08T21:00:59+00:00
spread,KXHIGHTSFO-26SEP08-B84.5|0x8d16d25f64b97e41a5a0c7d22927ea97b71aeb90ed0667444dd382eaff65c302,"Will the maximum temperature be 84-85° on Sep 8, 2026?",84° to 85°,"Highest temperature in San Francisco on Sep 8, 2026?",1,auto,9.5,9.5,4,yes_polymarket_no_kalshi,1.35,2.65,KXHIGHTSFO-26SEP08-B84.5,"Will the maximum temperature be 84-85° on Sep 8, 2026?",84° to 85°,https://kalshi.com/markets/kxhightsfo/san-francisco-high-temperature-daily/kxhightsfo-26sep08,0.26,0.33,0.295,6791.9,4584.09,0,2026-09-09T08:00:00Z,CLISFO,0x8d16d25f64b97e41a5a0c7d22927ea97b71aeb90ed0667444dd382eaff65c302,Will the highest temperature in San Francisco be between 84-85°F on September 8?,84-85°F,https://polymarket.com/event/highest-temperature-in-san-francisco-on-september-8-2026/highest-temperature-in-san-francisco-on-september-8-2026-84-85f,0.18,0.22,0.2,5199.837775,168.4677,77757134491861156808534906826111424645349225582011129047424166614606153713458,2026-09-08T12:00:00Z,2026-09-08T12:00:00Z,open,2026-09-08T21:00:59+00:00
spread,KXRAIN-26SEP08-NOLA|0xe8f62b454d8b182f0a9258bba440df9e3a088007282e7ca6efe2c0027d076b2d,"Will it rain in New Orleans on Sep 8, 2026?",New Orleans,"Where will it rain on Sep 8, 2026?",0.667,auto,9.5,9.5,-1,,0.07,-1.07,KXRAIN-26SEP08-NOLA,"Will it rain in New Orleans on Sep 8, 2026?",New Orleans,https://kalshi.com/markets/kxrain/where-will-it-rain-daily/kxrain-26sep08,0.99,1,0.995,42166.41,22775.84,0,2026-09-09T06:00:00Z,,0xe8f62b454d8b182f0a9258bba440df9e3a088007282e7ca6efe2c0027d076b2d,"Will it rain in New Orleans, LA on September 8?","New Orleans, LA",https://polymarket.com/event/where-will-it-rain-on-september-8-2026/where-will-it-rain-on-september-8-2026-new-orleans-la,0.8,1,0.9,288.40815,900.08,46614553758450653222616764360372054101115486370918613813070787144895893978327,2026-09-09T18:00:00Z,2026-09-09T06:00:00Z,open,2026-09-08T21:00:59+00:00
spread,KXHIGHAUS-26SEP09-B96.5|0x014a7d0a297f537e39d5a89801e6b12fda9bb8934195738a37ecf06b09a2201e,"Will the maximum temperature be 96-97° on Sep 9, 2026?",96° to 97°,"Highest temperature in Austin on Sep 9, 2026?",1,auto,-9,9,8,yes_kalshi_no_polymarket,0.95,7.05,KXHIGHAUS-26SEP09-B96.5,"Will the maximum temperature be 96-97° on Sep 9, 2026?",96° to 97°,https://kalshi.com/markets/kxhighaus/highest-temperature-in-austin/kxhighaus-26sep09,0.15,0.16,0.155,298.04,297.04,0,2026-09-10T06:00:00Z,CLIAUS,0x014a7d0a297f537e39d5a89801e6b12fda9bb8934195738a37ecf06b09a2201e,Will the highest temperature in Austin be between 96-97°F on September 9?,96-97°F,https://polymarket.com/event/highest-temperature-in-austin-on-september-9-2026/highest-temperature-in-austin-on-september-9-2026-96-97f,0.24,0.25,0.245,568.758847,4745.2716,98424750259035613534148444231853888089321985158297892722591690082785137748721,2026-09-09T12:00:00Z,2026-09-09T12:00:00Z,open,2026-09-08T21:00:59+00:00
spread,KXHIGHCHI-26SEP09-B80.5|0x658753b367f34c8f89ee13f34d1c3e03163fb3b0f692884e3a761ba09ea9c619,"Will the maximum temperature be 80-81° on Sep 9, 2026?",80° to 81°,"Highest temperature in Chicago on Sep 9, 2026?",1,auto,-9,9,8,yes_kalshi_no_polymarket,1.65,6.35,KXHIGHCHI-26SEP09-B80.5,"Will the maximum temperature be 80-81° on Sep 9, 2026?",80° to 81°,https://kalshi.com/markets/kxhighchi/highest-temperature-in-chicago/kxhighchi-26sep09,0.37,0.38,0.375,201.1,200.05,0,2026-09-10T06:00:00Z,CLIMDW,0x658753b367f34c8f89ee13f34d1c3e03163fb3b0f692884e3a761ba09ea9c619,Will the highest temperature in Chicago be between 80-81°F on September 9?,80-81°F,https://polymarket.com/event/highest-temperature-in-chicago-on-september-9-2026/highest-temperature-in-chicago-on-september-9-2026-80-81f,0.46,0.47,0.465,2298.491129,3727.825,70440493578840412418070858077939116339957956508027414524883838121422493346043,2026-09-09T12:00:00Z,2026-09-09T12:00:00Z,open,2026-09-08T21:00:59+00:00
spread,KXHIGHTSFO-26SEP09-B86.5|0x42dd84a37f536f8ee22b47e9e98e7faf90f721b73c2ce4b270b4d82962874c53,"Will the maximum temperature be 86-87° on Sep 9, 2026?",86° to 87°,"Highest temperature in San Francisco on Sep 9, 2026?",1,auto,-8.5,8.5,7,yes_kalshi_no_polymarket,0.34,6.66,KXHIGHTSFO-26SEP09-B86.5,"Will the maximum temperature be 86-87° on Sep 9, 2026?",86° to 87°,https://kalshi.com/markets/kxhightsfo/san-francisco-high-temperature-daily/kxhightsfo-26sep09,0.04,0.05,0.045,340.4,337.44,0,2026-09-10T08:00:00Z,CLISFO,0x42dd84a37f536f8ee22b47e9e98e7faf90f721b73c2ce4b270b4d82962874c53,Will the highest temperature in San Francisco be between 86-87°F on September 9?,86-87°F,https://polymarket.com/event/highest-temperature-in-san-francisco-on-september-9-2026/highest-temperature-in-san-francisco-on-september-9-2026-86-87f,0.12,0.14,0.13,1454.9489389999999,3407.3597,5913347093227368758621703798367619139517904662084883943004808990297208379940,2026-09-09T12:00:00Z,2026-09-09T12:00:00Z,open,2026-09-08T21:00:59+00:00
spread,KXHURPATHHAWAII-26DEC|0x594753f5921304616f36fecd01677e5bf2f6f42a1093fa65e2cdff7193b43ffc,Will a hurricane make landfall in Hawaii during the 2026 hurricane season?,Before 2027,Will a hurricane make landfall in Hawaii in 2026?,0.8,auto,-8.5,8.5,6,yes_kalshi_no_polymarket,0.69,5.31,KXHURPATHHAWAII-26DEC,Will a hurricane make landfall in Hawaii during the 2026 hurricane season?,Before 2027,https://kalshi.com/markets/kxhurpathhawaii/hurricane-hits-hawaii/kxhurpathhawaii-26dec,0.08,0.11,0.095,18735.41,29889.15,0,2027-01-01T04:59:00Z,,0x594753f5921304616f36fecd01677e5bf2f6f42a1093fa65e2cdff7193b43ffc,Will a hurricane make landfall in Hawaii before 2027?,,https://polymarket.com/event/will-a-hurricane-make-landfall-in-hawaii-before-2027-20260721182828397/will-a-hurricane-make-landfall-in-hawaii-before-2027-20260721182828397,0.17,0.19,0.18,1257.8624399999999,1897.3508,35060136240132571395133165793544488174574304926549949902253752591503618653125,2027-01-01T04:59:00Z,2027-01-01T04:59:00Z,open,2026-09-08T21:00:59+00:00
spread,KXHIGHAUS-26SEP09-B98.5|0x26d420589fca0bc357d216090350d3561b5b5fb0f1182d6eb8af4371fe430012,"Will the maximum temperature be 98-99° on Sep 9, 2026?",98° to 99°,"Highest temperature in Austin on Sep 9, 2026?",1,auto,-8.5,8.5,7,yes_kalshi_no_polymarket,1.74,5.26,KXHIGHAUS-26SEP09-B98.5,"Will the maximum temperature be 98-99° on Sep 9, 2026?",98° to 99°,https://kalshi.com/markets/kxhighaus/highest-temperature-in-austin/kxhighaus-26sep09,0.53,0.54,0.535,337.34,317.58,0,2026-09-10T06:00:00Z,CLIAUS,0x26d420589fca0bc357d216090350d3561b5b5fb0f1182d6eb8af4371fe430012,Will the highest temperature in Austin be between 98-99°F on September 9?,98-99°F,https://polymarket.com/event/highest-temperature-in-austin-on-september-9-2026/highest-temperature-in-austin-on-september-9-2026-98-99f,0.61,0.63,0.62,1013.2117540000002,3569.0434,98759705527130062966895417029232486766663158654075138231360361498986810070216,2026-09-09T12:00:00Z,2026-09-09T12:00:00Z,open,2026-09-08T21:00:59+00:00
spread,KXHIGHNY-26SEP09-B86.5|0x482c325357b221090e1844fce9fdda93b24534066aa052935c181b96298a9f00,"Will the maximum temperature be 86-87° on Sep 9, 2026?",86° to 87°,"Highest temperature in New York City on Sep 9, 2026?",1,auto,8,8,7,yes_polymarket_no_kalshi,0.99,6.01,KXHIGHNY-26SEP09-B86.5,"Will the maximum temperature be 86-87° on Sep 9, 2026?",86° to 87°,https://kalshi.com/markets/kxhighny/highest-temperature-in-nyc/kxhighny-26sep09,0.17,0.18,0.175,961.91,870.27,0,2026-09-10T05:00:00Z,CLINYC,0x482c325357b221090e1844fce9fdda93b24534066aa052935c181b96298a9f00,Will the highest temperature in New York City be between 86-87°F on September 9?,86-87°F,https://polymarket.com/event/highest-temperature-in-nyc-on-september-9-2026/highest-temperature-in-nyc-on-september-9-2026-86-87f,0.09,0.1,0.095,2988.4635370000005,3743.5917,99505141031217541633231784099814885591238333022574793893535891172481271532915,2026-09-09T12:00:00Z,2026-09-09T12:00:00Z,open,2026-09-08T21:00:59+00:00
spread,KXHIGHTSFO-26SEP08-B82.5|0x9d6efef5e071364e65754d112a4d7a33c50bba5650d86ca024dd9ee9f8033ff8,"Will the maximum temperature be 82-83° on Sep 8, 2026?",82° to 83°,"Highest temperature in San Francisco on Sep 8, 2026?",1,auto,-6.5,6.5,-1,,0.9,-1.9,KXHIGHTSFO-26SEP08-B82.5,"Will the maximum temperature be 82-83° on Sep 8, 2026?",82° to 83°,https://kalshi.com/markets/kxhightsfo/san-francisco-high-temperature-daily/kxhightsfo-26sep08,0.12,0.15,0.135,5872.22,4465.81,0,2026-09-09T08:00:00Z,CLISFO,0x9d6efef5e071364e65754d112a4d7a33c50bba5650d86ca024dd9ee9f8033ff8,Will the highest temperature in San Francisco be between 82-83°F on September 8?,82-83°F,https://polymarket.com/event/highest-temperature-in-san-francisco-on-september-8-2026/highest-temperature-in-san-francisco-on-september-8-2026-82-83f,0.14,0.26,0.2,2553.2862149999996,173.644,97476847990833753164197492229001950011408162633626850186883610684052128647022,2026-09-08T12:00:00Z,2026-09-08T12:00:00Z,open,2026-09-08T21:00:59+00:00
spread,KXHIGHTSEA-26SEP09-B74.5|0x20dee15f246709fdf77ef6ae1236eb80ec4084f01cbc4949435afc04f753da49,"Will the maximum temperature be 74-75° on Sep 9, 2026?",74° to 75°,"Highest temperature in Seattle on Sep 9, 2026?",1,auto,-6,6,4,yes_kalshi_no_polymarket,0.69,3.31,KXHIGHTSEA-26SEP09-B74.5,"Will the maximum temperature be 74-75° on Sep 9, 2026?",74° to 75°,https://kalshi.com/markets/kxhightsea/seattle-maximum-temperature-daily/kxhightsea-26sep09,0.1,0.11,0.105,127.89,96.92,0,2026-09-10T08:00:00Z,CLISEA,0x20dee15f246709fdf77ef6ae1236eb80ec4084f01cbc4949435afc04f753da49,Will the highest temperature in Seattle be between 74-75°F on September 9?,74-75°F,https://polymarket.com/event/highest-temperature-in-seattle-on-september-9-2026/highest-temperature-in-seattle-on-september-9-2026-74-75f,0.15,0.18,0.165,521.682393,2138.2812,92841175262665853112702287026615063760356548980157989342255326933114245215147,2026-09-09T12:00:00Z,2026-09-09T12:00:00Z,open,2026-09-08T21:00:59+00:00
spread,KXHIGHTSFO-26SEP09-B90.5|0x36d6d60c4a0504d8ebc4bbd50426d0afd5820c13961cbf2929ff3ecdea950f4c,"Will the maximum temperature be 90-91° on Sep 9, 2026?",90° to 91°,"Highest temperature in San Francisco on Sep 9, 2026?",1,auto,-5.5,5.5,4,yes_kalshi_no_polymarket,0.99,3.01,KXHIGHTSFO-26SEP09-B90.5,"Will the maximum temperature be 90-91° on Sep 9, 2026?",90° to 91°,https://kalshi.com/markets/kxhightsfo/san-francisco-high-temperature-daily/kxhightsfo-26sep09,0.16,0.17,0.165,300.44,228.74,0,2026-09-10T08:00:00Z,CLISFO,0x36d6d60c4a0504d8ebc4bbd50426d0afd5820c13961cbf2929ff3ecdea950f4c,Will the highest temperature in San Francisco be between 90-91°F on September 9?,90-91°F,https://polymarket.com/event/highest-temperature-in-san-francisco-on-september-9-2026/highest-temperature-in-san-francisco-on-september-9-2026-90-91f,0.21,0.23,0.22,1864.580452,4675.3022,108258744515824016594253818633665928350606386705124521600852057066886743926018,2026-09-09T12:00:00Z,2026-09-09T12:00:00Z,open,2026-09-08T21:00:59+00:00
spread,KXLOWTSFO-26SEP09-B66.5|0x37d986a612f90055e4cec23e8f2b34d3faa7fbb45f504dff83a6a17cda9dbff4,"Will the minimum temperature be 66-67° on Sep 9, 2026?",66° to 67°,"Lowest temperature in San Francisco on Sep 9, 2026?",1,auto,-5,5,-2,,1.74,-3.74,KXLOWTSFO-26SEP09-B66.5,"Will the minimum temperature be 66-67° on Sep 9, 2026?",66° to 67°,https://kalshi.com/markets/kxlowtsfo/lowest-temperature-san-francisco/kxlowtsfo-26sep09,0.48,0.54,0.51,209.35,144,0,2026-09-10T08:00:00Z,CLISFO,0x37d986a612f90055e4cec23e8f2b34d3faa7fbb45f504dff83a6a17cda9dbff4,Will the lowest temperature in San Francisco be between 66-67°F on September 9?,66-67°F,https://polymarket.com/event/lowest-temperature-in-san-francisco-on-september-9-2026/lowest-temperature-in-san-francisco-on-september-9-2026-66-67f,0.52,0.6,0.56,148.68321799999998,93.4395,88014725389131307359239923304896219384371713293021379960087109131611006308125,2026-09-09T12:00:00Z,2026-09-09T12:00:00Z,open,2026-09-08T21:00:59+00:00
spread,KXLOWTNYC-26SEP09-B64.5|0x5e1d118f2855e179ccf63c66984d42cfad0ef7596fdc5968bc98f35421ba37f4,"Will the minimum temperature be 64-65° on Sep 9, 2026?",64° to 65°,"Lowest temperature in New York City on Sep 9, 2026?",1,auto,3.5,3.5,-3,,0.4,-3.4,KXLOWTNYC-26SEP09-B64.5,"Will the minimum temperature be 64-65° on Sep 9, 2026?",64° to 65°,https://kalshi.com/markets/kxlowtnyc/lowest-temperature-in-nyc/kxlowtnyc-26sep09,0.06,0.13,0.095,3,3,0,2026-09-10T05:00:00Z,CLINYC,0x5e1d118f2855e179ccf63c66984d42cfad0ef7596fdc5968bc98f35421ba37f4,Will the lowest temperature in New York City be between 64-65°F on September 9?,64-65°F,https://polymarket.com/event/lowest-temperature-in-nyc-on-september-9-2026/lowest-temperature-in-nyc-on-september-9-2026-64-65f,0.03,0.09,0.06,108.14471600000002,1290.6148,91702620729755327029584746915489725122019564664149153138021375192866969193282,2026-09-09T12:00:00Z,2026-09-09T12:00:00Z,open,2026-09-08T21:00:59+00:00
spread,KXHIGHNY-26SEP08-B80.5|0xd6575998ec57b79fd6370bef295684109ffd7d32468a385b942380bfe251cdc7,"Will the maximum temperature be 80-81° on Sep 8, 2026?",80° to 81°,"Highest temperature in New York City on Sep 8, 2026?",1,auto,3,3,1,yes_polymarket_no_kalshi,0.07,0.93,KXHIGHNY-26SEP08-B80.5,"Will the maximum temperature be 80-81° on Sep 8, 2026?",80° to 81°,https://kalshi.com/markets/kxhighny/highest-temperature-in-nyc/kxhighny-26sep08,0.99,1,0.995,25512.85,14530.65,0,2026-09-09T05:00:00Z,CLINYC,0xd6575998ec57b79fd6370bef295684109ffd7d32468a385b942380bfe251cdc7,Will the highest temperature in New York City be between 80-81°F on September 8?,80-81°F,https://polymarket.com/event/highest-temperature-in-nyc-on-september-8-2026/highest-temperature-in-nyc-on-september-8-2026-80-81f,0.95,0.98,0.965,8112.288236999999,266.2096,17078001125728249347217829122430361223666851991586217396588647244173068532130,2026-09-08T12:00:00Z,2026-09-08T12:00:00Z,open,2026-09-08T21:00:59+00:00
spread,KXHIGHTHOU-26SEP09-B94.5|0x307e6701e07a298089ae488b925ba6affbd307a70c804a47cfc2cf2ec629e274,"Will the maximum temperature be 94-95° on Sep 9, 2026?",94° to 95°,"Highest temperature in Houston on Sep 9, 2026?",1,auto,3,3,1,yes_polymarket_no_kalshi,0.46,0.54,KXHIGHTHOU-26SEP09-B94.5,"Will the maximum temperature be 94-95° on Sep 9, 2026?",94° to 95°,https://kalshi.com/markets/kxhighthou/daily-high-temperature-houston/kxhighthou-26sep09,0.07,0.08,0.075,33.65,33.65,0,2026-09-10T06:00:00Z,CLIHOU,0x307e6701e07a298089ae488b925ba6affbd307a70c804a47cfc2cf2ec629e274,Will the highest temperature in Houston be between 94-95°F on September 9?,94-95°F,https://polymarket.com/event/highest-temperature-in-houston-on-september-9-2026/highest-temperature-in-houston-on-september-9-2026-94-95f,0.03,0.06,0.045,306.28616400000004,3375.326,87154652918527221681034668342595651596281477761613164874374596173183905328110,2026-09-09T12:00:00Z,2026-09-09T12:00:00Z,open,2026-09-08T21:00:59+00:00
spread,KXHIGHDEN-26SEP08-B88.5|0x6875f5e07dec5f8d312e1bd4ad961a72d251828dc19469c88db58a112c1872cc,"Will the maximum temperature be 88-89° on Sep 8, 2026?",88° to 89°,"Highest temperature in Denver on Sep 8, 2026?",1,auto,-3,3,0,,0.14,-0.14,KXHIGHDEN-26SEP08-B88.5,"Will the maximum temperature be 88-89° on Sep 8, 2026?",88° to 89°,https://kalshi.com/markets/kxhighden/highest-temperature-in-denver/kxhighden-26sep08,0.01,0.02,0.015,1520.72,1282.6,0,2026-09-09T07:00:00Z,CLIDEN,0x6875f5e07dec5f8d312e1bd4ad961a72d251828dc19469c88db58a112c1872cc,Will the highest temperature in Denver be between 88-89°F on September 8?,88-89°F,https://polymarket.com/event/highest-temperature-in-denver-on-september-8-2026/highest-temperature-in-denver-on-september-8-2026-88-89f,0.02,0.07,0.045,1221.435124,232.2675,12329715525115703166209289843631700762716876072387203765128637254390826003431,2026-09-08T12:00:00Z,2026-09-08T12:00:00Z,open,2026-09-08T21:00:59+00:00
spread,KXLOWTDAL-26SEP08-B78.5|0x3fe2f1353223b895f88b2f5bf7deb73b9f7d66541d954103c9e86411f14819d0,"Will the minimum temperature be 78-79° on Sep 8, 2026?",78° to 79°,"Lowest temperature in Dallas on Sep 8, 2026?",1,auto,-3,3,-8,,0,-8,KXLOWTDAL-26SEP08-B78.5,"Will the minimum temperature be 78-79° on Sep 8, 2026?",78° to 79°,https://kalshi.com/markets/kxlowtdal/lowest-temperature-dallas/kxlowtdal-26sep08,0,0.02,0.01,154.36,114.16,0,2026-09-09T06:00:00Z,CLIDFW,0x3fe2f1353223b895f88b2f5bf7deb73b9f7d66541d954103c9e86411f14819d0,Will the lowest temperature in Dallas be between 78-79°F on September 8?,78-79°F,https://polymarket.com/event/lowest-temperature-in-dallas-on-september-8-2026/lowest-temperature-in-dallas-on-september-8-2026-78-79f,,0.08,0.04,60,121.9299,23417267812635747825477023397557318228713694965874189475565366999208204780318,2026-09-08T12:00:00Z,2026-09-08T12:00:00Z,open,2026-09-08T21:00:59+00:00
spread,KXLOWTNYC-26SEP09-B62.5|0x6546738571817b73e820709c97a44983acc567b55c2b6eb3a693c3173dd9f6da,"Will the minimum temperature be 62-63° on Sep 9, 2026?",62° to 63°,"Lowest temperature in New York City on Sep 9, 2026?",1,auto,2.65,2.65,1.4,yes_polymarket_no_kalshi,0.14,1.26,KXLOWTNYC-26SEP09-B62.5,"Will the minimum temperature be 62-63° on Sep 9, 2026?",62° to 63°,https://kalshi.com/markets/kxlowtnyc/lowest-temperature-in-nyc/kxlowtnyc-26sep09,0.02,0.04,0.03,15.28,15.28,0,2026-09-10T05:00:00Z,CLINYC,0x6546738571817b73e820709c97a44983acc567b55c2b6eb3a693c3173dd9f6da,Will the lowest temperature in New York City be between 62-63°F on September 9?,62-63°F,https://polymarket.com/event/lowest-temperature-in-nyc-on-september-9-2026/lowest-temperature-in-nyc-on-september-9-2026-62-63f,0.001,0.006,0.0035,310.575,1366.54915,112001682129059670762623266827506663950210868194992305493908402307967138949514,2026-09-09T12:00:00Z,2026-09-09T12:00:00Z,open,2026-09-08T21:00:59+00:00
spread,KXHIGHNY-26SEP08-B82.5|0x0150ad7c388c01d5defb8839c6656423699f78a07655f54cac8b47ccb151489a,"Will the maximum temperature be 82-83° on Sep 8, 2026?",82° to 83°,"Highest temperature in New York City on Sep 8, 2026?",1,auto,-2.5,2.5,1,yes_kalshi_no_polymarket,0.07,0.93,KXHIGHNY-26SEP08-B82.5,"Will the maximum temperature be 82-83° on Sep 8, 2026?",82° to 83°,https://kalshi.com/markets/kxhighny/highest-temperature-in-nyc/kxhighny-26sep08,0,0.01,0.005,36068.95,21212.05,0,2026-09-09T05:00:00Z,CLINYC,0x0150ad7c388c01d5defb8839c6656423699f78a07655f54cac8b47ccb151489a,Will the highest temperature in New York City be between 82-83°F on September 8?,82-83°F,https://polymarket.com/event/highest-temperature-in-nyc-on-september-8-2026/highest-temperature-in-nyc-on-september-8-2026-82-83f,0.02,0.04,0.03,8388.611459,135.804,53290043590281223607402143672896826444171961713589823123694304667290997304780,2026-09-08T12:00:00Z,2026-09-08T12:00:00Z,open,2026-09-08T21:00:59+00:00
spread,KXHIGHTDAL-26SEP09-B104.5|0xf4d5d7bf197bba87e39326fd2f5b2449cbeed38e82a034a03919bf734abddef9,"Will the maximum temperature be 104-105° on Sep 9, 2026?",104° to 105°,"Highest temperature in Dallas on Sep 9, 2026?",1,auto,2.45,2.45,1.9,yes_polymarket_no_kalshi,0.14,1.76,KXHIGHTDAL-26SEP09-B104.5,"Will the maximum temperature be 104-105° on Sep 9, 2026?",104° to 105°,https://kalshi.com/markets/kxhightdal/dallas-maximum-temperature/kxhightdal-26sep09,0.02,0.03,0.025,49,49,0,2026-09-10T06:00:00Z,CLIDFW,0xf4d5d7bf197bba87e39326fd2f5b2449cbeed38e82a034a03919bf734abddef9,Will the highest temperature in Dallas be between 104-105°F on September 9?,104-105°F,https://polymarket.com/event/highest-temperature-in-dallas-on-september-9-2026/highest-temperature-in-dallas-on-september-9-2026-104-105f,,0.001,0.0005,770.3537999999999,3463.52589,49165900402022227467272858573658562783363185657078381059655515247862122981104,2026-09-09T12:00:00Z,2026-09-09T12:00:00Z,open,2026-09-08T21:00:59+00:00
spread,KXLOWTSEA-26SEP09-B48.5|0xa54cc572044dd36d630e84cd6f7ba994c0d7ca06c46f8c995337a74f1022905b,"Will the minimum temperature be 48-49° on Sep 9, 2026?",48° to 49°,"Lowest temperature in Seattle on Sep 9, 2026?",1,auto,2.45,2.45,0,,0.14,-0.14,KXLOWTSEA-26SEP09-B48.5,"Will the minimum temperature be 48-49° on Sep 9, 2026?",48° to 49°,https://kalshi.com/markets/kxlowtsea/low-temperature-seattle/kxlowtsea-26sep09,0.02,0.05,0.035,,,0,2026-09-10T08:00:00Z,CLISEA,0xa54cc572044dd36d630e84cd6f7ba994c0d7ca06c46f8c995337a74f1022905b,Will the lowest temperature in Seattle be between 48-49°F on September 9?,48-49°F,https://polymarket.com/event/lowest-temperature-in-seattle-on-september-9-2026/lowest-temperature-in-seattle-on-september-9-2026-48-49f,0.001,0.02,0.0105,41.662620000000004,621.28181,9958882550675547939750265782593144314445046147173866390321716354603369190686,2026-09-09T12:00:00Z,2026-09-09T12:00:00Z,open,2026-09-08T21:00:59+00:00
spread,KXHIGHAUS-26SEP09-B102.5|0xfc208e104f0aff590d389402b003c75cc67404829f4de7efd8577bca2315f907,"Will the maximum temperature be 102-103° on Sep 9, 2026?",102° to 103°,"Highest temperature in Austin on Sep 9, 2026?",1,auto,2,2,0,,0.21,-0.21,KXHIGHAUS-26SEP09-B102.5,"Will the maximum temperature be 102-103° on Sep 9, 2026?",102° to 103°,https://kalshi.com/markets/kxhighaus/highest-temperature-in-austin/kxhighaus-26sep09,0.03,0.04,0.035,127.99,125.99,0,2026-09-10T06:00:00Z,CLIAUS,0xfc208e104f0aff590d389402b003c75cc67404829f4de7efd8577bca2315f907,Will the highest temperature in Austin be between 102-103°F on September 9?,102-103°F,https://polymarket.com/event/highest-temperature-in-austin-on-september-9-2026/highest-temperature-in-austin-on-september-9-2026-102-103f,,0.03,0.015,129.165,2141.0972,94382320808546459233438800533857589015035688091376149079534330051100988269880,2026-09-09T12:00:00Z,2026-09-09T12:00:00Z,open,2026-09-08T21:00:59+00:00
spread,KXLOWTLAX-26SEP09-B68.5|0xe28bfd1a015238e739897f3fc3e9c6c8aef997e88f956d8565612864829635f4,"Will the minimum temperature be 68-69° on Sep 9, 2026?",68° to 69°,"Lowest temperature in Los Angeles on Sep 9, 2026?",1,auto,2,2,-2,,0.14,-2.14,KXLOWTLAX-26SEP09-B68.5,"Will the minimum temperature be 68-69° on Sep 9, 2026?",68° to 69°,https://kalshi.com/markets/kxlowtlax/lowest-temperature-in-la/kxlowtlax-26sep09,0.02,0.06,0.04,20,20,0,2026-09-10T08:00:00Z,CLILAX,0xe28bfd1a015238e739897f3fc3e9c6c8aef997e88f956d8565612864829635f4,Will the lowest temperature in Los Angeles be between 68-69°F on September 9?,68-69°F,https://polymarket.com/event/lowest-temperature-in-los-angeles-on-september-9-2026/lowest-temperature-in-los-angeles-on-september-9-2026-68-69f,,0.04,0.02,107.565,290.992,75374711445182135370373266957844555360719219991110587001048018692250372622919,2026-09-09T12:00:00Z,2026-09-09T12:00:00Z,open,2026-09-08T21:00:59+00:00
spread,KXHIGHTSFO-26SEP09-B84.5|0xa88ad5db3985962b2e10d02c01354c0b456fabcc1e0c9738969fc33807531093,"Will the maximum temperature be 84-85° on Sep 9, 2026?",84° to 85°,"Highest temperature in San Francisco on Sep 9, 2026?",1,auto,1.5,1.5,0,,0.21,-0.21,KXHIGHTSFO-26SEP09-B84.5,"Will the maximum temperature be 84-85° on Sep 9, 2026?",84° to 85°,https://kalshi.com/markets/kxhightsfo/san-francisco-high-temperature-daily/kxhightsfo-26sep09,0.03,0.04,0.035,241.24,217.69,0,2026-09-10T08:00:00Z,CLISFO,0xa88ad5db3985962b2e10d02c01354c0b456fabcc1e0c9738969fc33807531093,Will the highest temperature in San Francisco be between 84-85°F on September 9?,84-85°F,https://polymarket.com/event/highest-temperature-in-san-francisco-on-september-9-2026/highest-temperature-in-san-francisco-on-september-9-2026-84-85f,0.01,0.03,0.02,1172.796759,4704.5327,10237708640580657129355809562738575310118818913158724708812951334212725620661,2026-09-09T12:00:00Z,2026-09-09T12:00:00Z,open,2026-09-08T21:00:59+00:00
spread,KXHIGHTHOU-26SEP09-B88.5|0x75d41f7eaca7cb488e347659a6d32d952b2cbacd987988fe16825ea5bda62dbf,"Will the maximum temperature be 88-89° on Sep 9, 2026?",88° to 89°,"Highest temperature in Houston on Sep 9, 2026?",1,auto,-1.5,1.5,0,,0.74,-0.74,KXHIGHTHOU-26SEP09-B88.5,"Will the maximum temperature be 88-89° on Sep 9, 2026?",88° to 89°,https://kalshi.com/markets/kxhighthou/daily-high-temperature-houston/kxhighthou-26sep09,0.11,0.12,0.115,65.4,54,0,2026-09-10T06:00:00Z,CLIHOU,0x75d41f7eaca7cb488e347659a6d32d952b2cbacd987988fe16825ea5bda62dbf,Will the highest temperature in Houston be between 88-89°F on September 9?,88-89°F,https://polymarket.com/event/highest-temperature-in-houston-on-september-9-2026/highest-temperature-in-houston-on-september-9-2026-88-89f,0.12,0.14,0.13,1514.690981,5211.7354,98465132239162975556866346311579066905749728017606799888758777612216764380796,2026-09-09T12:00:00Z,2026-09-09T12:00:00Z,open,2026-09-08T21:00:59+00:00
spread,KXHIGHTATL-26SEP08-B88.5|0xe3c5020c341438bc686a7daeca315ce045b311b5c6bde1038d2af9ce82218b76,"Will the maximum temperature be 88-89° on Sep 8, 2026?",88° to 89°,"Highest temperature in Atlanta on Sep 8, 2026?",1,auto,1.5,1.5,-4,,0.58,-4.58,KXHIGHTATL-26SEP08-B88.5,"Will the maximum temperature be 88-89° on Sep 8, 2026?",88° to 89°,https://kalshi.com/markets/kxhightatl/atlanta-max-temperature/kxhightatl-26sep08,0.91,0.99,0.95,4273.62,3375.33,0,2026-09-09T05:00:00Z,CLIATL,0xe3c5020c341438bc686a7daeca315ce045b311b5c6bde1038d2af9ce82218b76,Will the highest temperature in Atlanta be between 88-89°F on September 8?,88-89°F,https://polymarket.com/event/highest-temperature-in-atlanta-on-september-8-2026/highest-temperature-in-atlanta-on-september-8-2026-88-89f,0.92,0.95,0.935,2010.0617619999996,249.8325,42241531043802172160638835789969765339087334643703286649994275466816577983668,2026-09-08T12:00:00Z,2026-09-08T12:00:00Z,open,2026-09-08T21:00:59+00:00
spread,KXHIGHDEN-26SEP09-B78.5|0x55a4d4454ea38b2325401a77beaef523fe9db1d34e2a6121d56169a340a97e83,"Will the maximum temperature be 78-79° on Sep 9, 2026?",78° to 79°,"Highest temperature in Denver on Sep 9, 2026?",1,auto,1,1,0,,0.27,-0.27,KXHIGHDEN-26SEP09-B78.5,"Will the maximum temperature be 78-79° on Sep 9, 2026?",78° to 79°,https://kalshi.com/markets/kxhighden/highest-temperature-in-denver/kxhighden-26sep09,0.04,0.05,0.045,4,4,0,2026-09-10T07:00:00Z,CLIDEN,0x55a4d4454ea38b2325401a77beaef523fe9db1d34e2a6121d56169a340a97e83,Will the highest temperature in Denver be between 78-79°F on September 9?,78-79°F,https://polymarket.com/event/highest-temperature-in-denver-on-september-9-2026/highest-temperature-in-denver-on-september-9-2026-78-79f,0.03,0.04,0.035,238.547584,3050.9511,13388040024819427487933567855638020337002944197123170093467775712953553901703,2026-09-09T12:00:00Z,2026-09-09T12:00:00Z,open,2026-09-08T21:00:59+00:00
spread,KXLOWTDAL-26SEP08-B76.5|0x6467b500e0ef5b28e201fa349f60980c9c007a3a44a1d086b9bcf3241834d356,"Will the minimum temperature be 76-77° on Sep 8, 2026?",76° to 77°,"Lowest temperature in Dallas on Sep 8, 2026?",1,auto,-1,1,-3,,0,-3,KXLOWTDAL-26SEP08-B76.5,"Will the minimum temperature be 76-77° on Sep 8, 2026?",76° to 77°,https://kalshi.com/markets/kxlowtdal/lowest-temperature-dallas/kxlowtdal-26sep08,0,0.01,0.005,58,63.04,0,2026-09-09T06:00:00Z,CLIDFW,0x6467b500e0ef5b28e201fa349f60980c9c007a3a44a1d086b9bcf3241834d356,Will the lowest temperature in Dallas be between 76-77°F on September 8?,76-77°F,https://polymarket.com/event/lowest-temperature-in-dallas-on-september-8-2026/lowest-temperature-in-dallas-on-september-8-2026-76-77f,,0.03,0.015,53.2268,118.2799,115351949244804828871128836452747037481728783781381919338338597285433156634086,2026-09-08T12:00:00Z,2026-09-08T12:00:00Z,open,2026-09-08T21:00:59+00:00
spread,KXHIGHTATL-26SEP08-B90.5|0x5803db0c4adec2c9c618257e6315e73c4d5ca539e11a0be20cc7789e69bdb40f,"Will the maximum temperature be 90-91° on Sep 8, 2026?",90° to 91°,"Highest temperature in Atlanta on Sep 8, 2026?",1,auto,-1,1,-4,,0.46,-4.46,KXHIGHTATL-26SEP08-B90.5,"Will the maximum temperature be 90-91° on Sep 8, 2026?",90° to 91°,https://kalshi.com/markets/kxhightatl/atlanta-max-temperature/kxhightatl-26sep08,0,0.07,0.035,4603.71,2921.9,0,2026-09-09T05:00:00Z,CLIATL,0x5803db0c4adec2c9c618257e6315e73c4d5ca539e11a0be20cc7789e69bdb40f,Will the highest temperature in Atlanta be between 90-91°F on September 8?,90-91°F,https://polymarket.com/event/highest-temperature-in-atlanta-on-september-8-2026/highest-temperature-in-atlanta-on-september-8-2026-90-91f,0.03,0.06,0.045,2696.103005,259.5505,53034280908805725851367173856555541175498905589182849798676022625589184592570,2026-09-08T12:00:00Z,2026-09-08T12:00:00Z,open,2026-09-08T21:00:59+00:00
spread,KXHIGHCHI-26SEP09-B86.5|0x42ab9ed057c08352a42889c6d2504d251716f138e47a1be531d968e79c6703ec,"Will the maximum temperature be 86-87° on Sep 9, 2026?",86° to 87°,"Highest temperature in Chicago on Sep 9, 2026?",1,auto,0.5,0.5,-1,,0.07,-1.07,KXHIGHCHI-26SEP09-B86.5,"Will the maximum temperature be 86-87° on Sep 9, 2026?",86° to 87°,https://kalshi.com/markets/kxhighchi/highest-temperature-in-chicago/kxhighchi-26sep09,0.01,0.03,0.02,172.42,171.42,0,2026-09-10T06:00:00Z,CLIMDW,0x42ab9ed057c08352a42889c6d2504d251716f138e47a1be531d968e79c6703ec,Will the highest temperature in Chicago be between 86-87°F on September 9?,86-87°F,https://polymarket.com/event/highest-temperature-in-chicago-on-september-9-2026/highest-temperature-in-chicago-on-september-9-2026-86-87f,0.01,0.02,0.015,434.8656,3445.0694,32323719229871818764706970857804018127787014832822886315782039360374470624310,2026-09-09T12:00:00Z,2026-09-09T12:00:00Z,open,2026-09-08T21:00:59+00:00
spread,KXHIGHCHI-26SEP09-B84.5|0x83bf51ef2dc73cf4f9a4b3eb7b2c560f19c748490acc5d880bb14d7840730de8,"Will the maximum temperature be 84-85° on Sep 9, 2026?",84° to 85°,"Highest temperature in Chicago on Sep 9, 2026?",1,auto,0.5,0.5,-1,,0.27,-1.27,KXHIGHCHI-26SEP09-B84.5,"Will the maximum temperature be 84-85° on Sep 9, 2026?",84° to 85°,https://kalshi.com/markets/kxhighchi/highest-temperature-in-chicago/kxhighchi-26sep09,0.04,0.05,0.045,508.3,396.8,0,2026-09-10T06:00:00Z,CLIMDW,0x83bf51ef2dc73cf4f9a4b3eb7b2c560f19c748490acc5d880bb14d7840730de8,Will the highest temperature in Chicago be between 84-85°F on September 9?,84-85°F,https://polymarket.com/event/highest-temperature-in-chicago-on-september-9-2026/highest-temperature-in-chicago-on-september-9-2026-84-85f,0.03,0.05,0.04,199.479132,2968.5347,15387742707777475037356701306331042327477366613292640311219235206899766511914,2026-09-09T12:00:00Z,2026-09-09T12:00:00Z,open,2026-09-08T21:00:59+00:00
spread,KXLOWTDEN-26SEP08-B64.5|0xb7825cb4d346833536d85f3fde6514620d202b428a8edba3e054c279e45269db,"Will the minimum temperature be 64-65° on Sep 8, 2026?",64° to 65°,"Lowest temperature in Denver on Sep 8, 2026?",1,auto,0.45,0.45,-0.1,,0,-0.1,KXLOWTDEN-26SEP08-B64.5,"Will the minimum temperature be 64-65° on Sep 8, 2026?",64° to 65°,https://kalshi.com/markets/kxlowtden/lowest-temperature-in-denver/kxlowtden-26sep08,0,0.01,0.005,467.58,410.08,0,2026-09-09T07:00:00Z,CLIDEN,0xb7825cb4d346833536d85f3fde6514620d202b428a8edba3e054c279e45269db,Will the lowest temperature in Denver be between 64-65°F on September 8?,64-65°F,https://polymarket.com/event/lowest-temperature-in-denver-on-september-8-2026/lowest-temperature-in-denver-on-september-8-2026-64-65f,,0.001,0.0005,103.89,3612.43942,64643606332353974120032904114230597651826525018291548393186284213305434039948,2026-09-08T12:00:00Z,2026-09-08T12:00:00Z,open,2026-09-08T21:00:59+00:00
spread,KXHIGHTATL-26SEP08-B84.5|0x7e42b10d8614ad3f0ffec9ad9ac5beba9b17d8d700483ea5d1e3e7b1c1dfe716,"Will the maximum temperature be 84-85° on Sep 8, 2026?",84° to 85°,"Highest temperature in Atlanta on Sep 8, 2026?",1,auto,0.45,0.45,-0.1,,0,-0.1,KXHIGHTATL-26SEP08-B84.5,"Will the maximum temperature be 84-85° on Sep 8, 2026?",84° to 85°,https://kalshi.com/markets/kxhightatl/atlanta-max-temperature/kxhightatl-26sep08,0,0.01,0.005,2757.01,2350.16,0,2026-09-09T05:00:00Z,CLIATL,0x7e42b10d8614ad3f0ffec9ad9ac5beba9b17d8d700483ea5d1e3e7b1c1dfe716,Will the highest temperature in Atlanta be between 84-85°F on September 8?,84-85°F,https://polymarket.com/event/highest-temperature-in-atlanta-on-september-8-2026/highest-temperature-in-atlanta-on-september-8-2026-84-85f,,0.001,0.0005,1525.505879,5975.32326,10365044763174372604148387901341649071462672206692898602338199029775853776577,2026-09-08T12:00:00Z,2026-09-08T12:00:00Z,open,2026-09-08T21:00:59+00:00
spread,KXHIGHMIA-26SEP08-B88.5|0x7c502b8e9c9dbfcfddd7baf885f8ff069f2eb326f5a6ee7beec1144eba74197a,"Will the maximum temperature be 88-89° on Sep 8, 2026?",88° to 89°,"Highest temperature in Miami on Sep 8, 2026?",1,auto,0.45,0.45,-0.1,,0,-0.1,KXHIGHMIA-26SEP08-B88.5,"Will the maximum temperature be 88-89° on Sep 8, 2026?",88° to 89°,https://kalshi.com/markets/kxhighmia/highest-temperature-in-miami/kxhighmia-26sep08,0,0.01,0.005,22250.56,17846.35,0,2026-09-09T05:00:00Z,CLIMIA,0x7c502b8e9c9dbfcfddd7baf885f8ff069f2eb326f5a6ee7beec1144eba74197a,Will the highest temperature in Miami be between 88-89°F on September 8?,88-89°F,https://polymarket.com/event/highest-temperature-in-miami-on-september-8-2026/highest-temperature-in-miami-on-september-8-2026-88-89f,,0.001,0.0005,8350.276202000001,4690.24325,64173070105631803216844414544136001819104307209980682389611349850535010472126,2026-09-08T12:00:00Z,2026-09-08T12:00:00Z,open,2026-09-08T21:00:59+00:00
spread,KXHIGHMIA-26SEP08-B86.5|0xb4f36860475b2ba80659d51ced47a03a95962fcc82233960c0246d6f34da904e,"Will the maximum temperature be 86-87° on Sep 8, 2026?",86° to 87°,"Highest temperature in Miami on Sep 8, 2026?",1,auto,0.45,0.45,-0.1,,0,-0.1,KXHIGHMIA-26SEP08-B86.5,"Will the maximum temperature be 86-87° on Sep 8, 2026?",86° to 87°,https://kalshi.com/markets/kxhighmia/highest-temperature-in-miami/kxhighmia-26sep08,0,0.01,0.005,9313.22,8725.17,0,2026-09-09T05:00:00Z,CLIMIA,0xb4f36860475b2ba80659d51ced47a03a95962fcc82233960c0246d6f34da904e,Will the highest temperature in Miami be between 86-87°F on September 8?,86-87°F,https://polymarket.com/event/highest-temperature-in-miami-on-september-8-2026/highest-temperature-in-miami-on-september-8-2026-86-87f,,0.001,0.0005,14468.520467,4566.18087,43308528005333815962740719334150328088397253082016194112078391514921503043872,2026-09-08T12:00:00Z,2026-09-08T12:00:00Z,open,2026-09-08T21:00:59+00:00
spread,KXHIGHLAX-26SEP08-B82.5|0xb37514e6a84f21145c15ccfb8c918827ff4d5960456a4daecec33a29edc21a7a,"Will the maximum temperature be 82-83° on Sep 8, 2026?",82° to 83°,"Highest temperature in Los Angeles on Sep 8, 2026?",1,auto,0.45,0.45,-0.1,,0,-0.1,KXHIGHLAX-26SEP08-B82.5,"Will the maximum temperature be 82-83° on Sep 8, 2026?",82° to 83°,https://kalshi.com/markets/kxhighlax/highest-temperature-in-los-angeles/kxhighlax-26sep08,0,0.01,0.005,48558.5,31774.89,0,2026-09-09T08:00:00Z,CLILAX,0xb37514e6a84f21145c15ccfb8c918827ff4d5960456a4daecec33a29edc21a7a,Will the highest temperature in Los Angeles be between 82-83°F on September 8?,82-83°F,https://polymarket.com/event/highest-temperature-in-los-angeles-on-september-8-2026/highest-temperature-in-los-angeles-on-september-8-2026-82-83f,,0.001,0.0005,7239.353287000001,4553.89568,113966633533483814410505991281586152199885161653958142384472317746588192321873,2026-09-08T12:00:00Z,2026-09-08T12:00:00Z,open,2026-09-08T21:00:59+00:00
spread,KXHIGHDEN-26SEP08-B82.5|0xcbec7ff0911163210f56e9796633031d53b6192f9db74816b962d1848ebffe60,"Will the maximum temperature be 82-83° on Sep 8, 2026?",82° to 83°,"Highest temperature in Denver on Sep 8, 2026?",1,auto,0.45,0.45,-0.1,,0,-0.1,KXHIGHDEN-26SEP08-B82.5,"Will the maximum temperature be 82-83° on Sep 8, 2026?",82° to 83°,https://kalshi.com/markets/kxhighden/highest-temperature-in-denver/kxhighden-26sep08,0,0.01,0.005,1345.5,1308.08,0,2026-09-09T07:00:00Z,CLIDEN,0xcbec7ff0911163210f56e9796633031d53b6192f9db74816b962d1848ebffe60,Will the highest temperature in Denver be between 82-83°F on September 8?,82-83°F,https://polymarket.com/event/highest-temperature-in-denver-on-september-8-2026/highest-temperature-in-denver-on-september-8-2026-82-83f,,0.001,0.0005,1534.2355350000003,4401.40231,51999512975260389609228169857482774346390703285167983165759756732445166631895,2026-09-08T12:00:00Z,2026-09-08T12:00:00Z,open,2026-09-08T21:00:59+00:00
spread,KXHIGHAUS-26SEP08-B96.5|0x08477276b9ed04fe659a160bff49e3982c08bf6143b21a691fb5289bc7904fd4,"Will the maximum temperature be 96-97° on Sep 8, 2026?",96° to 97°,"Highest temperature in Austin on Sep 8, 2026?",1,auto,0.45,0.45,-0.1,,0,-0.1,KXHIGHAUS-26SEP08-B96.5,"Will the maximum temperature be 96-97° on Sep 8, 2026?",96° to 97°,https://kalshi.com/markets/kxhighaus/highest-temperature-in-austin/kxhighaus-26sep08,0,0.01,0.005,3453.88,2844.27,0,2026-09-09T06:00:00Z,CLIAUS,0x08477276b9ed04fe659a160bff49e3982c08bf6143b21a691fb5289bc7904fd4,Will the highest temperature in Austin be between 96-97°F on September 8?,96-97°F,https://polymarket.com/event/highest-temperature-in-austin-on-september-8-2026/highest-temperature-in-austin-on-september-8-2026-96-97f,,0.001,0.0005,842.907917,5733.42725,86267065762789700986316344310101712182910647696549371897138725898987541410479,2026-09-08T12:00:00Z,2026-09-08T12:00:00Z,open,2026-09-08T21:00:59+00:00
spread,KXLOWTSEA-26SEP09-T48|0x1d259c7cfc95aff27d1e2c4db993877f3d99be568541088ad3138afad466d1ce,"Will the minimum temperature be <48° on Sep 9, 2026?",47° or below,"Lowest temperature in Seattle on Sep 9, 2026?",1,auto,0.45,0.45,-1,,0,-1,KXLOWTSEA-26SEP09-T48,"Will the minimum temperature be <48° on Sep 9, 2026?",47° or below,https://kalshi.com/markets/kxlowtsea/low-temperature-seattle/kxlowtsea-26sep09,0,0.02,0.01,30,30,0,2026-09-10T08:00:00Z,CLISEA,0x1d259c7cfc95aff27d1e2c4db993877f3d99be568541088ad3138afad466d1ce,Will the lowest temperature in Seattle be 47°F or below on September 9?,47°F or below,https://polymarket.com/event/lowest-temperature-in-seattle-on-september-9-2026/lowest-temperature-in-seattle-on-september-9-2026-47forbelow,0.001,0.01,0.0055,148.309266,339.616,90946966964760907112819069511089058452647416558920003919964483307560885554691,2026-09-09T12:00:00Z,2026-09-09T12:00:00Z,open,2026-09-08T21:00:59+00:00
spread,KXHIGHNY-26SEP08-B86.5|0xdb38507888b74bab5b508646a9379ad312dbc5b8d03a5935f172fa4c5177fe51,"Will the maximum temperature be 86-87° on Sep 8, 2026?",86° to 87°,"Highest temperature in New York City on Sep 8, 2026?",1,auto,0.3,0.3,-0.3,,0,-0.3,KXHIGHNY-26SEP08-B86.5,"Will the maximum temperature be 86-87° on Sep 8, 2026?",86° to 87°,https://kalshi.com/markets/kxhighny/highest-temperature-in-nyc/kxhighny-26sep08,0,0.01,0.005,2632.62,2771.51,0,2026-09-09T05:00:00Z,CLINYC,0xdb38507888b74bab5b508646a9379ad312dbc5b8d03a5935f172fa4c5177fe51,Will the highest temperature in New York City be between 86-87°F on September 8?,86-87°F,https://polymarket.com/event/highest-temperature-in-nyc-on-september-8-2026/highest-temperature-in-nyc-on-september-8-2026-86-87f,0.001,0.003,0.002,3775.6493000000005,917.26662,114723316799524194021603444626578660407771389080979773079488458613811659275771,2026-09-08T12:00:00Z,2026-09-08T12:00:00Z,open,2026-09-08T21:00:59+00:00
spread,KXHIGHNY-26SEP08-B84.5|0x93a162e89416d7f147c6e96a42481a8c6b3f98e6d2c3fbafad13b0bb96d5f068,"Will the maximum temperature be 84-85° on Sep 8, 2026?",84° to 85°,"Highest temperature in New York City on Sep 8, 2026?",1,auto,0.2,0.2,-0.5,,0,-0.5,KXHIGHNY-26SEP08-B84.5,"Will the maximum temperature be 84-85° on Sep 8, 2026?",84° to 85°,https://kalshi.com/markets/kxhighny/highest-temperature-in-nyc/kxhighny-26sep08,0,0.01,0.005,11095.87,7870.96,0,2026-09-09T05:00:00Z,CLINYC,0x93a162e89416d7f147c6e96a42481a8c6b3f98e6d2c3fbafad13b0bb96d5f068,Will the highest temperature in New York City be between 84-85°F on September 8?,84-85°F,https://polymarket.com/event/highest-temperature-in-nyc-on-september-8-2026/highest-temperature-in-nyc-on-september-8-2026-84-85f,0.001,0.005,0.003,5169.481599,616.72228,96968582806664749926603564185857754480150162213320802770715162179149271349019,2026-09-08T12:00:00Z,2026-09-08T12:00:00Z,open,2026-09-08T21:00:59+00:00
spread,KXLOWTNYC-26SEP09-T62|0x47f04b78b00014e56e1bf5223fbe0970f9c3eba5884d8ee47040c99afe063e2b,"Will the minimum temperature be <62° on Sep 9, 2026?",61° or below,"Lowest temperature in New York City on Sep 9, 2026?",1,auto,-0.2,0.2,-0.9,,0.07,-0.97,KXLOWTNYC-26SEP09-T62,"Will the minimum temperature be <62° on Sep 9, 2026?",61° or below,https://kalshi.com/markets/kxlowtnyc/lowest-temperature-in-nyc/kxlowtnyc-26sep09,0,0.01,0.005,175,175,0,2026-09-10T05:00:00Z,CLINYC,0x47f04b78b00014e56e1bf5223fbe0970f9c3eba5884d8ee47040c99afe063e2b,Will the lowest temperature in New York City be 61°F or below on September 9?,61°F or below,https://polymarket.com/event/lowest-temperature-in-nyc-on-september-9-2026/lowest-temperature-in-nyc-on-september-9-2026-61forbelow,0.001,0.013,0.007,293.081031,1483.82058,41081328052277188176194355292677480686616522954395949176897542279649359024627,2026-09-09T12:00:00Z,2026-09-09T12:00:00Z,open,2026-09-08T21:00:59+00:00
spread,KXLOWTDAL-26SEP08-B74.5|0x7da605168ad8834e00725f6f72f4bd7c1d3624572939e5a28d299a62dbf103a3,"Will the minimum temperature be 74-75° on Sep 8, 2026?",74° to 75°,"Lowest temperature in Dallas on Sep 8, 2026?",1,auto,0.1,0.1,-0.8,,0,-0.8,KXLOWTDAL-26SEP08-B74.5,"Will the minimum temperature be 74-75° on Sep 8, 2026?",74° to 75°,https://kalshi.com/markets/kxlowtdal/lowest-temperature-dallas/kxlowtdal-26sep08,0,0.01,0.005,35,103.09,0,2026-09-09T06:00:00Z,CLIDFW,0x7da605168ad8834e00725f6f72f4bd7c1d3624572939e5a28d299a62dbf103a3,Will the lowest temperature in Dallas be between 74-75°F on September 8?,74-75°F,https://polymarket.com/event/lowest-temperature-in-dallas-on-september-8-2026/lowest-temperature-in-dallas-on-september-8-2026-74-75f,,0.008,0.004,376.646,599.8804,99063267733248169059645416353769134309806141120843813705860494046574209468696,2026-09-08T12:00:00Z,2026-09-08T12:00:00Z,open,2026-09-08T21:00:59+00:00
spread,KXHIGHTSEA-26SEP08-B70.5|0x64ff2f52589df67daddbeeab797b4affe23966c742ff515a4e27e83dd78d96cf,"Will the maximum temperature be 70-71° on Sep 8, 2026?",70° to 71°,"Highest temperature in Seattle on Sep 8, 2026?",1,auto,0,0,-1,,0,-1,KXHIGHTSEA-26SEP08-B70.5,"Will the maximum temperature be 70-71° on Sep 8, 2026?",70° to 71°,https://kalshi.com/markets/kxhightsea/seattle-maximum-temperature-daily/kxhightsea-26sep08,0,0.01,0.005,1409.02,1371.46,0,2026-09-09T08:00:00Z,CLISEA,0x64ff2f52589df67daddbeeab797b4affe23966c742ff515a4e27e83dd78d96cf,Will the highest temperature in Seattle be between 70-71°F on September 8?,70-71°F,https://polymarket.com/event/highest-temperature-in-seattle-on-september-8-2026/highest-temperature-in-seattle-on-september-8-2026-70-71f,,0.01,0.005,754.512374,5963.2075,83748982891987829986536039089368307184753008994090161983678987332691589515475,2026-09-08T12:00:00Z,2026-09-08T12:00:00Z,open,2026-09-08T21:00:59+00:00
spread,KXHIGHTATL-26SEP08-B86.5|0xc489006ed51164663d56b6fc8bdf7c4110cb4e52da35d3fdb2e33a52f28aacfc,"Will the maximum temperature be 86-87° on Sep 8, 2026?",86° to 87°,"Highest temperature in Atlanta on Sep 8, 2026?",1,auto,0,0,-1,,0,-1,KXHIGHTATL-26SEP08-B86.5,"Will the maximum temperature be 86-87° on Sep 8, 2026?",86° to 87°,https://kalshi.com/markets/kxhightatl/atlanta-max-temperature/kxhightatl-26sep08,0,0.01,0.005,7496.52,5288.74,0,2026-09-09T05:00:00Z,CLIATL,0xc489006ed51164663d56b6fc8bdf7c4110cb4e52da35d3fdb2e33a52f28aacfc,Will the highest temperature in Atlanta be between 86-87°F on September 8?,86-87°F,https://polymarket.com/event/highest-temperature-in-atlanta-on-september-8-2026/highest-temperature-in-atlanta-on-september-8-2026-86-87f,,0.01,0.005,3015.623345,3866.9852,20987487040452014359074494303897041305840662919852892217804927159583101860794,2026-09-08T12:00:00Z,2026-09-08T12:00:00Z,open,2026-09-08T21:00:59+00:00
spread,KXHIGHAUS-26SEP08-B98.5|0x52a88c2549a860ad7e99f6ba2f6818cec31bc4427dead7a53910b276f300180c,"Will the maximum temperature be 98-99° on Sep 8, 2026?",98° to 99°,"Highest temperature in Austin on Sep 8, 2026?",1,auto,0,0,-1,,0,-1,KXHIGHAUS-26SEP08-B98.5,"Will the maximum temperature be 98-99° on Sep 8, 2026?",98° to 99°,https://kalshi.com/markets/kxhighaus/highest-temperature-in-austin/kxhighaus-26sep08,0,0.01,0.005,8363.1,7465.73,0,2026-09-09T06:00:00Z,CLIAUS,0x52a88c2549a860ad7e99f6ba2f6818cec31bc4427dead7a53910b276f300180c,Will the highest temperature in Austin be between 98-99°F on September 8?,98-99°F,https://polymarket.com/event/highest-temperature-in-austin-on-september-8-2026/highest-temperature-in-austin-on-september-8-2026-98-99f,,0.01,0.005,820.3643400000001,8992.4697,66684463574613702562293187199541102321443746821879061593088941717044067157458,2026-09-08T12:00:00Z,2026-09-08T12:00:00Z,open,2026-09-08T21:00:59+00:00
spread,KXHIGHNY-26SEP09-B90.5|0x5081b8002049052aa020a62289fecaed0c2ba76b539fc958238847fd6be388da,"Will the maximum temperature be 90-91° on Sep 9, 2026?",90° to 91°,"Highest temperature in New York City on Sep 9, 2026?",1,auto,0,0,-1,,0.07,-1.07,KXHIGHNY-26SEP09-B90.5,"Will the maximum temperature be 90-91° on Sep 9, 2026?",90° to 91°,https://kalshi.com/markets/kxhighny/highest-temperature-in-nyc/kxhighny-26sep09,0.01,0.02,0.015,322.55,321.55,0,2026-09-10T05:00:00Z,CLINYC,0x5081b8002049052aa020a62289fecaed0c2ba76b539fc958238847fd6be388da,Will the highest temperature in New York City be between 90-91°F on September 9?,90-91°F,https://polymarket.com/event/highest-temperature-in-nyc-on-september-9-2026/highest-temperature-in-nyc-on-september-9-2026-90-91f,0.01,0.02,0.015,329.5556,4612.3713,17423114140461504627660381253836185633868430118797563745281100399654458587979,2026-09-09T12:00:00Z,2026-09-09T12:00:00Z,open,2026-09-08T21:00:59+00:00
spread,KXHIGHTATL-26SEP09-B94.5|0x53aabec38451c4c02b1a2f5573a4e833d6854bf5ca96d812dbdae5fad37482c1,"Will the maximum temperature be 94-95° on Sep 9, 2026?",94° to 95°,"Highest temperature in Atlanta on Sep 9, 2026?",1,auto,0,0,-1,,0.14,-1.14,KXHIGHTATL-26SEP09-B94.5,"Will the maximum temperature be 94-95° on Sep 9, 2026?",94° to 95°,https://kalshi.com/markets/kxhightatl/atlanta-max-temperature/kxhightatl-26sep09,0.02,0.03,0.025,19,19,0,2026-09-10T05:00:00Z,CLIATL,0x53aabec38451c4c02b1a2f5573a4e833d6854bf5ca96d812dbdae5fad37482c1,Will the highest temperature in Atlanta be between 94-95°F on September 9?,94-95°F,https://polymarket.com/event/highest-temperature-in-atlanta-on-september-9-2026/highest-temperature-in-atlanta-on-september-9-2026-94-95f,0.02,0.03,0.025,252.50099999999998,3478.7746,30155250242780526225635515973441766301866565179354017484245658648696663554475,2026-09-09T12:00:00Z,2026-09-09T12:00:00Z,open,2026-09-08T21:00:59+00:00
spread,KXHIGHNY-26SEP09-B88.5|0xfa4222522026ac0d4ef9e9d6d70414ba3a9cd4c4836e6064aefd0c2cf4c29668,"Will the maximum temperature be 88-89° on Sep 9, 2026?",88° to 89°,"Highest temperature in New York City on Sep 9, 2026?",1,auto,0,0,-1,,0.14,-1.14,KXHIGHNY-26SEP09-B88.5,"Will the maximum temperature be 88-89° on Sep 9, 2026?",88° to 89°,https://kalshi.com/markets/kxhighny/highest-temperature-in-nyc/kxhighny-26sep09,0.02,0.03,0.025,245.45,245.45,0,2026-09-10T05:00:00Z,CLINYC,0xfa4222522026ac0d4ef9e9d6d70414ba3a9cd4c4836e6064aefd0c2cf4c29668,Will the highest temperature in New York City be between 88-89°F on September 9?,88-89°F,https://polymarket.com/event/highest-temperature-in-nyc-on-september-9-2026/highest-temperature-in-nyc-on-september-9-2026-88-89f,0.02,0.03,0.025,805.7641509999999,5878.2632,90406173358863362591927117959114939325646379895229586264484463014435946584750,2026-09-09T12:00:00Z,2026-09-09T12:00:00Z,open,2026-09-08T21:00:59+00:00
